<?xml version="1.0" encoding="UTF-8"?>
<!--
Created with Funkin Packer v0.1.3 https://neeeoo.github.io/funkin-packer/
-->
<TextureAtlas imagePath="strums.png" width="160" height="80">
	<SubTexture name="strum hit down1" x="0" y="0" width="29" height="30" frameX="-10" frameY="-10" frameWidth="48" frameHeight="56"/>
	<SubTexture name="strum hit down2" x="59" y="47" width="23" height="23" frameX="-13" frameY="-13" frameWidth="48" frameHeight="56"/>
	<SubTexture name="strum hit down3" x="0" y="59" width="21" height="21" frameX="-14" frameY="-14" frameWidth="48" frameHeight="56"/>
	<SubTexture name="strum hit left1" x="0" y="30" width="30" height="29" frameX="-9" frameY="-10" frameWidth="48" frameHeight="56"/>
	<SubTexture name="strum hit left2" x="59" y="0" width="24" height="23" frameX="-13" frameY="-13" frameWidth="48" frameHeight="56"/>
	<SubTexture name="strum hit left3" x="21" y="59" width="21" height="21" frameX="-14" frameY="-14" frameWidth="48" frameHeight="56"/>
	<SubTexture name="strum hit right1" x="29" y="0" width="30" height="29" frameX="-10" frameY="-10" frameWidth="48" frameHeight="56"/>
	<SubTexture name="strum hit right2" x="59" y="23" width="24" height="24" frameX="-13" frameY="-13" frameWidth="48" frameHeight="56"/>
	<SubTexture name="strum hit right3" x="83" y="0" width="21" height="21" frameX="-14" frameY="-14" frameWidth="48" frameHeight="56"/>
	<SubTexture name="strum hit up1" x="30" y="29" width="29" height="30" frameX="-10" frameY="-9" frameWidth="48" frameHeight="56"/>
	<SubTexture name="strum hit up2" x="82" y="47" width="23" height="23" frameX="-13" frameY="-13" frameWidth="48" frameHeight="56"/>
	<SubTexture name="strum hit up3" x="83" y="21" width="21" height="21" frameX="-14" frameY="-14" frameWidth="48" frameHeight="56"/>
	<SubTexture name="strum idle down1" x="104" y="0" width="19" height="19" frameX="-15" frameY="-15" frameWidth="48" frameHeight="56"/>
	<SubTexture name="strum idle left1" x="104" y="19" width="19" height="19" frameX="-15" frameY="-15" frameWidth="48" frameHeight="56"/>
	<SubTexture name="strum idle right1" x="123" y="0" width="19" height="19" frameX="-15" frameY="-15" frameWidth="48" frameHeight="56"/>
	<SubTexture name="strum idle up1" x="123" y="19" width="19" height="19" frameX="-15" frameY="-15" frameWidth="48" frameHeight="56"/>
	<SubTexture name="strum press down1" x="42" y="59" width="17" height="17" frameX="-16" frameY="-16" frameWidth="48" frameHeight="56"/>
	<SubTexture name="strum press down2" x="105" y="38" width="19" height="19" frameX="-15" frameY="-15" frameWidth="48" frameHeight="56"/>
	<SubTexture name="strum press left1" x="143" y="0" width="17" height="17" frameX="-16" frameY="-16" frameWidth="48" frameHeight="56"/>
	<SubTexture name="strum press left2" x="105" y="57" width="19" height="19" frameX="-15" frameY="-15" frameWidth="48" frameHeight="56"/>
	<SubTexture name="strum press right1" x="143" y="17" width="17" height="17" frameX="-16" frameY="-16" frameWidth="48" frameHeight="56"/>
	<SubTexture name="strum press right2" x="124" y="38" width="19" height="19" frameX="-15" frameY="-15" frameWidth="48" frameHeight="56"/>
	<SubTexture name="strum press up1" x="143" y="34" width="17" height="17" frameX="-16" frameY="-16" frameWidth="48" frameHeight="56"/>
	<SubTexture name="strum press up2" x="124" y="57" width="19" height="19" frameX="-15" frameY="-15" frameWidth="48" frameHeight="56"/>
</TextureAtlas>