<?xml version="1.0" encoding="UTF-8"?>
<!--
Created with Funkin Packer v0.1.3 https://neeeoo.github.io/funkin-packer/
-->
<TextureAtlas imagePath="red-impostor-lightsOut.png" width="464" height="364">
	<SubTexture name="idle1" x="142" y="0" width="91" height="45" frameX="-4" frameY="-14" frameWidth="96" frameHeight="64"/>
	<SubTexture name="idle10" x="324" y="0" width="89" height="44" frameX="-5" frameY="-13" frameWidth="96" frameHeight="64"/>
	<SubTexture name="idle11" x="324" y="0" width="89" height="44" frameX="-5" frameY="-13" frameWidth="96" frameHeight="64"/>
	<SubTexture name="idle12" x="324" y="0" width="89" height="44" frameX="-5" frameY="-13" frameWidth="96" frameHeight="64"/>
	<SubTexture name="idle13" x="324" y="0" width="89" height="44" frameX="-5" frameY="-13" frameWidth="96" frameHeight="64"/>
	<SubTexture name="idle14" x="324" y="0" width="89" height="44" frameX="-5" frameY="-13" frameWidth="96" frameHeight="64"/>
	<SubTexture name="idle2" x="142" y="0" width="91" height="45" frameX="-4" frameY="-14" frameWidth="96" frameHeight="64"/>
	<SubTexture name="idle3" x="233" y="0" width="91" height="45" frameX="-4" frameY="-14" frameWidth="96" frameHeight="64"/>
	<SubTexture name="idle4" x="233" y="0" width="91" height="45" frameX="-4" frameY="-14" frameWidth="96" frameHeight="64"/>
	<SubTexture name="idle5" x="161" y="45" width="91" height="45" frameX="-4" frameY="-13" frameWidth="96" frameHeight="64"/>
	<SubTexture name="idle6" x="161" y="45" width="91" height="45" frameX="-4" frameY="-13" frameWidth="96" frameHeight="64"/>
	<SubTexture name="idle7" x="324" y="0" width="89" height="44" frameX="-5" frameY="-13" frameWidth="96" frameHeight="64"/>
	<SubTexture name="idle8" x="324" y="0" width="89" height="44" frameX="-5" frameY="-13" frameWidth="96" frameHeight="64"/>
	<SubTexture name="idle9" x="324" y="0" width="89" height="44" frameX="-5" frameY="-13" frameWidth="96" frameHeight="64"/>
	<SubTexture name="note down1" x="237" y="240" width="61" height="41" frameX="-24" frameY="-12" frameWidth="96" frameHeight="64"/>
	<SubTexture name="note down2" x="237" y="240" width="61" height="41" frameX="-24" frameY="-12" frameWidth="96" frameHeight="64"/>
	<SubTexture name="note down3" x="310" y="306" width="61" height="41" frameX="-24" frameY="-11" frameWidth="96" frameHeight="64"/>
	<SubTexture name="note down4" x="310" y="306" width="61" height="41" frameX="-24" frameY="-11" frameWidth="96" frameHeight="64"/>
	<SubTexture name="note left1" x="370" y="235" width="73" height="35" frameX="-12" frameY="-13" frameWidth="96" frameHeight="64"/>
	<SubTexture name="note left2" x="370" y="235" width="73" height="35" frameX="-12" frameY="-13" frameWidth="96" frameHeight="64"/>
	<SubTexture name="note left3" x="370" y="270" width="72" height="36" frameX="-14" frameY="-13" frameWidth="96" frameHeight="64"/>
	<SubTexture name="note left4" x="370" y="270" width="72" height="36" frameX="-14" frameY="-13" frameWidth="96" frameHeight="64"/>
	<SubTexture name="note right1" x="392" y="138" width="72" height="43" frameX="-21" frameY="-5" frameWidth="96" frameHeight="64"/>
	<SubTexture name="note right2" x="392" y="138" width="72" height="43" frameX="-21" frameY="-5" frameWidth="96" frameHeight="64"/>
	<SubTexture name="note right3" x="371" y="306" width="72" height="41" frameX="-20" frameY="-7" frameWidth="96" frameHeight="64"/>
	<SubTexture name="note right4" x="371" y="306" width="72" height="41" frameX="-20" frameY="-7" frameWidth="96" frameHeight="64"/>
	<SubTexture name="note up1" x="0" y="0" width="74" height="61" frameX="-11" frameY="-2" frameWidth="96" frameHeight="64"/>
	<SubTexture name="note up2" x="0" y="0" width="74" height="61" frameX="-11" frameY="-2" frameWidth="96" frameHeight="64"/>
	<SubTexture name="note up3" x="0" y="61" width="77" height="59" frameX="-9" frameY="-3" frameWidth="96" frameHeight="64"/>
	<SubTexture name="note up4" x="0" y="61" width="77" height="59" frameX="-9" frameY="-3" frameWidth="96" frameHeight="64"/>
	<SubTexture name="sabotage1" x="324" y="0" width="89" height="44" frameX="-5" frameY="-13" frameWidth="96" frameHeight="64"/>
	<SubTexture name="sabotage10" x="0" y="120" width="68" height="50" frameX="-7" frameY="-13" frameWidth="96" frameHeight="64"/>
	<SubTexture name="sabotage11" x="74" y="0" width="68" height="50" frameX="-7" frameY="-13" frameWidth="96" frameHeight="64"/>
	<SubTexture name="sabotage12" x="74" y="0" width="68" height="50" frameX="-7" frameY="-13" frameWidth="96" frameHeight="64"/>
	<SubTexture name="sabotage13" x="0" y="120" width="68" height="50" frameX="-7" frameY="-13" frameWidth="96" frameHeight="64"/>
	<SubTexture name="sabotage14" x="0" y="120" width="68" height="50" frameX="-7" frameY="-13" frameWidth="96" frameHeight="64"/>
	<SubTexture name="sabotage15" x="0" y="170" width="68" height="50" frameX="-7" frameY="-13" frameWidth="96" frameHeight="64"/>
	<SubTexture name="sabotage16" x="68" y="120" width="70" height="50" frameX="-7" frameY="-13" frameWidth="96" frameHeight="64"/>
	<SubTexture name="sabotage17" x="0" y="220" width="77" height="50" frameX="-7" frameY="-13" frameWidth="96" frameHeight="64"/>
	<SubTexture name="sabotage18" x="77" y="50" width="84" height="50" frameX="-7" frameY="-13" frameWidth="96" frameHeight="64"/>
	<SubTexture name="sabotage19" x="0" y="270" width="85" height="50" frameX="-7" frameY="-13" frameWidth="96" frameHeight="64"/>
	<SubTexture name="sabotage2" x="0" y="320" width="86" height="44" frameX="-5" frameY="-13" frameWidth="96" frameHeight="64"/>
	<SubTexture name="sabotage20" x="68" y="170" width="82" height="50" frameX="-7" frameY="-13" frameWidth="96" frameHeight="64"/>
	<SubTexture name="sabotage21" x="138" y="100" width="79" height="50" frameX="-7" frameY="-13" frameWidth="96" frameHeight="64"/>
	<SubTexture name="sabotage22" x="77" y="220" width="77" height="50" frameX="-7" frameY="-13" frameWidth="96" frameHeight="64"/>
	<SubTexture name="sabotage23" x="299" y="89" width="76" height="50" frameX="-7" frameY="-13" frameWidth="96" frameHeight="64"/>
	<SubTexture name="sabotage24" x="299" y="89" width="76" height="50" frameX="-7" frameY="-13" frameWidth="96" frameHeight="64"/>
	<SubTexture name="sabotage25" x="299" y="89" width="76" height="50" frameX="-7" frameY="-13" frameWidth="96" frameHeight="64"/>
	<SubTexture name="sabotage26" x="299" y="89" width="76" height="50" frameX="-7" frameY="-13" frameWidth="96" frameHeight="64"/>
	<SubTexture name="sabotage27" x="413" y="0" width="50" height="76" rotated="true" frameX="-7" frameY="-13" frameWidth="96" frameHeight="64"/>
	<SubTexture name="sabotage28" x="413" y="0" width="50" height="76" rotated="true" frameX="-7" frameY="-13" frameWidth="96" frameHeight="64"/>
	<SubTexture name="sabotage29" x="299" y="89" width="76" height="50" frameX="-7" frameY="-13" frameWidth="96" frameHeight="64"/>
	<SubTexture name="sabotage3" x="310" y="139" width="82" height="46" frameX="-5" frameY="-13" frameWidth="96" frameHeight="64"/>
	<SubTexture name="sabotage30" x="299" y="89" width="76" height="50" frameX="-7" frameY="-13" frameWidth="96" frameHeight="64"/>
	<SubTexture name="sabotage31" x="299" y="89" width="76" height="50" frameX="-7" frameY="-13" frameWidth="96" frameHeight="64"/>
	<SubTexture name="sabotage32" x="299" y="89" width="76" height="50" frameX="-7" frameY="-13" frameWidth="96" frameHeight="64"/>
	<SubTexture name="sabotage33" x="232" y="140" width="78" height="50" frameX="-7" frameY="-13" frameWidth="96" frameHeight="64"/>
	<SubTexture name="sabotage34" x="150" y="150" width="82" height="50" frameX="-7" frameY="-13" frameWidth="96" frameHeight="64"/>
	<SubTexture name="sabotage35" x="85" y="270" width="84" height="50" frameX="-7" frameY="-13" frameWidth="96" frameHeight="64"/>
	<SubTexture name="sabotage36" x="217" y="90" width="82" height="50" frameX="-7" frameY="-13" frameWidth="96" frameHeight="64"/>
	<SubTexture name="sabotage37" x="154" y="200" width="79" height="50" frameX="-7" frameY="-13" frameWidth="96" frameHeight="64"/>
	<SubTexture name="sabotage38" x="233" y="190" width="69" height="50" frameX="-7" frameY="-13" frameWidth="96" frameHeight="64"/>
	<SubTexture name="sabotage39" x="169" y="250" width="68" height="50" frameX="-7" frameY="-13" frameWidth="96" frameHeight="64"/>
	<SubTexture name="sabotage4" x="379" y="185" width="76" height="48" frameX="-6" frameY="-13" frameWidth="96" frameHeight="64"/>
	<SubTexture name="sabotage40" x="169" y="250" width="68" height="50" frameX="-7" frameY="-13" frameWidth="96" frameHeight="64"/>
	<SubTexture name="sabotage41" x="375" y="89" width="68" height="49" frameX="-7" frameY="-13" frameWidth="96" frameHeight="64"/>
	<SubTexture name="sabotage42" x="241" y="284" width="69" height="47" frameX="-6" frameY="-13" frameWidth="96" frameHeight="64"/>
	<SubTexture name="sabotage43" x="339" y="44" width="70" height="45" frameX="-5" frameY="-13" frameWidth="96" frameHeight="64"/>
	<SubTexture name="sabotage44" x="302" y="190" width="77" height="45" frameX="-5" frameY="-13" frameWidth="96" frameHeight="64"/>
	<SubTexture name="sabotage45" x="86" y="320" width="84" height="44" frameX="-5" frameY="-13" frameWidth="96" frameHeight="64"/>
	<SubTexture name="sabotage46" x="252" y="45" width="87" height="44" frameX="-5" frameY="-13" frameWidth="96" frameHeight="64"/>
	<SubTexture name="sabotage47" x="324" y="0" width="89" height="44" frameX="-5" frameY="-13" frameWidth="96" frameHeight="64"/>
	<SubTexture name="sabotage48" x="324" y="0" width="89" height="44" frameX="-5" frameY="-13" frameWidth="96" frameHeight="64"/>
	<SubTexture name="sabotage5" x="170" y="300" width="71" height="49" frameX="-7" frameY="-13" frameWidth="96" frameHeight="64"/>
	<SubTexture name="sabotage6" x="302" y="235" width="68" height="49" frameX="-7" frameY="-13" frameWidth="96" frameHeight="64"/>
	<SubTexture name="sabotage7" x="74" y="0" width="68" height="50" frameX="-7" frameY="-13" frameWidth="96" frameHeight="64"/>
	<SubTexture name="sabotage8" x="74" y="0" width="68" height="50" frameX="-7" frameY="-13" frameWidth="96" frameHeight="64"/>
	<SubTexture name="sabotage9" x="0" y="120" width="68" height="50" frameX="-7" frameY="-13" frameWidth="96" frameHeight="64"/>
</TextureAtlas>