<?xml version="1.0" encoding="UTF-8"?>
<!--
Created with Funkin Packer v0.1.3 https://neeeoo.github.io/funkin-packer/
-->
<TextureAtlas imagePath="splashes.png" width="184" height="160">
	<SubTexture name="blue splash1" x="47" y="133" width="27" height="27" frameX="-11" frameY="-11" frameWidth="48" frameHeight="56"/>
	<SubTexture name="blue splash2" x="139" y="45" width="41" height="41" frameX="-4" frameY="-4" frameWidth="48" frameHeight="56"/>
	<SubTexture name="blue splash3" x="94" y="0" width="45" height="45" frameX="-2" frameY="-2" frameWidth="48" frameHeight="56"/>
	<SubTexture name="blue splash4" x="0" y="0" width="47" height="47" frameX="-1" frameY="-1" frameWidth="48" frameHeight="56"/>
	<SubTexture name="green splash1" x="74" y="133" width="27" height="27" frameX="-11" frameY="-11" frameWidth="48" frameHeight="56"/>
	<SubTexture name="green splash2" x="139" y="86" width="41" height="41" frameX="-4" frameY="-4" frameWidth="48" frameHeight="56"/>
	<SubTexture name="green splash3" x="139" y="0" width="45" height="45" frameX="-2" frameY="-2" frameWidth="48" frameHeight="56"/>
	<SubTexture name="green splash4" x="0" y="47" width="47" height="47" frameX="-1" frameY="-1" frameWidth="48" frameHeight="56"/>
	<SubTexture name="purple splash1" x="101" y="131" width="27" height="27" frameX="-11" frameY="-11" frameWidth="48" frameHeight="56"/>
	<SubTexture name="purple splash2" x="92" y="90" width="41" height="41" frameX="-4" frameY="-4" frameWidth="48" frameHeight="56"/>
	<SubTexture name="purple splash3" x="94" y="45" width="45" height="45" frameX="-2" frameY="-2" frameWidth="48" frameHeight="56"/>
	<SubTexture name="purple splash4" x="0" y="94" width="47" height="47" frameX="-1" frameY="-1" frameWidth="48" frameHeight="56"/>
	<SubTexture name="red splash1" x="128" y="131" width="27" height="27" frameX="-11" frameY="-11" frameWidth="48" frameHeight="56"/>
	<SubTexture name="red splash2" x="47" y="92" width="41" height="41" frameX="-4" frameY="-4" frameWidth="48" frameHeight="56"/>
	<SubTexture name="red splash3" x="47" y="47" width="45" height="45" frameX="-2" frameY="-2" frameWidth="48" frameHeight="56"/>
	<SubTexture name="red splash4" x="47" y="0" width="47" height="47" frameX="-1" frameY="-1" frameWidth="48" frameHeight="56"/>
</TextureAtlas>