<?xml version="1.0" encoding="UTF-8"?>
<!--
Created with Funkin Packer v0.1.3 https://neeeoo.github.io/funkin-packer/
-->
<TextureAtlas imagePath="holdCovers.png" width="320" height="280">
	<SubTexture name="blue hold cover end1" x="117" y="231" width="18" height="7" frameX="-16" frameY="-21" frameWidth="48" frameHeight="56"/>
	<SubTexture name="blue hold cover end2" x="145" y="231" width="32" height="33" rotated="true" frameX="-8" frameY="-6" frameWidth="48" frameHeight="56"/>
	<SubTexture name="blue hold cover end3" x="0" y="239" width="38" height="38" frameX="-5" frameY="-5" frameWidth="48" frameHeight="56"/>
	<SubTexture name="blue hold cover end4" x="188" y="0" width="45" height="42" rotated="true" frameX="-2" frameY="-4" frameWidth="48" frameHeight="56"/>
	<SubTexture name="blue hold cover end5" x="233" y="0" width="45" height="44" rotated="true" frameX="-1" frameY="-4" frameWidth="48" frameHeight="56"/>
	<SubTexture name="blue hold cover end6" x="0" y="192" width="47" height="47" frameX="-0" frameY="-4" frameWidth="48" frameHeight="56"/>
	<SubTexture name="blue hold cover end7" x="0" y="0" width="47" height="48" frameX="-0" frameY="-5" frameWidth="48" frameHeight="56"/>
	<SubTexture name="blue hold cover loop1" x="47" y="184" width="12" height="17" rotated="true" frameX="-16" frameY="-18" frameWidth="48" frameHeight="56"/>
	<SubTexture name="blue hold cover loop2" x="59" y="184" width="15" height="17" rotated="true" frameX="-16" frameY="-16" frameWidth="48" frameHeight="56"/>
	<SubTexture name="blue hold cover loop3" x="117" y="231" width="18" height="7" frameX="-16" frameY="-21" frameWidth="48" frameHeight="56"/>
	<SubTexture name="blue hold cover loop4" x="151" y="148" width="16" height="10" frameX="-17" frameY="-19" frameWidth="48" frameHeight="56"/>
	<SubTexture name="blue hold cover start1" x="113" y="91" width="22" height="26" rotated="true" frameX="-10" frameY="-11" frameWidth="48" frameHeight="56"/>
	<SubTexture name="blue hold cover start10" x="38" y="239" width="37" height="38" frameX="-4" frameY="-6" frameWidth="48" frameHeight="56"/>
	<SubTexture name="blue hold cover start2" x="177" y="259" width="26" height="21" frameX="-10" frameY="-11" frameWidth="48" frameHeight="56"/>
	<SubTexture name="blue hold cover start3" x="47" y="91" width="28" height="31" rotated="true" frameX="-7" frameY="-7" frameWidth="48" frameHeight="56"/>
	<SubTexture name="blue hold cover start4" x="47" y="122" width="28" height="31" rotated="true" frameX="-7" frameY="-7" frameWidth="48" frameHeight="56"/>
	<SubTexture name="blue hold cover start5" x="289" y="90" width="31" height="33" rotated="true" frameX="-6" frameY="-6" frameWidth="48" frameHeight="56"/>
	<SubTexture name="blue hold cover start6" x="289" y="123" width="31" height="33" rotated="true" frameX="-6" frameY="-6" frameWidth="48" frameHeight="56"/>
	<SubTexture name="blue hold cover start7" x="151" y="158" width="37" height="35" rotated="true" frameX="-5" frameY="-4" frameWidth="48" frameHeight="56"/>
	<SubTexture name="blue hold cover start8" x="113" y="159" width="37" height="35" rotated="true" frameX="-5" frameY="-4" frameWidth="48" frameHeight="56"/>
	<SubTexture name="blue hold cover start9" x="137" y="47" width="38" height="37" rotated="true" frameX="-4" frameY="-6" frameWidth="48" frameHeight="56"/>
	<SubTexture name="green hold cover end1" x="313" y="218" width="7" height="18" rotated="true" frameX="-16" frameY="-21" frameWidth="48" frameHeight="56"/>
	<SubTexture name="green hold cover end2" x="152" y="193" width="32" height="33" rotated="true" frameX="-8" frameY="-6" frameWidth="48" frameHeight="56"/>
	<SubTexture name="green hold cover end3" x="137" y="84" width="38" height="38" frameX="-5" frameY="-5" frameWidth="48" frameHeight="56"/>
	<SubTexture name="green hold cover end4" x="188" y="42" width="45" height="42" rotated="true" frameX="-2" frameY="-4" frameWidth="48" frameHeight="56"/>
	<SubTexture name="green hold cover end5" x="233" y="44" width="45" height="44" rotated="true" frameX="-1" frameY="-4" frameWidth="48" frameHeight="56"/>
	<SubTexture name="green hold cover end6" x="47" y="0" width="47" height="47" frameX="-0" frameY="-4" frameWidth="48" frameHeight="56"/>
	<SubTexture name="green hold cover end7" x="0" y="48" width="47" height="48" frameX="-0" frameY="-5" frameWidth="48" frameHeight="56"/>
	<SubTexture name="green hold cover loop1" x="175" y="47" width="12" height="17" rotated="true" frameX="-16" frameY="-18" frameWidth="48" frameHeight="56"/>
	<SubTexture name="green hold cover loop2" x="145" y="264" width="17" height="15" frameX="-16" frameY="-16" frameWidth="48" frameHeight="56"/>
	<SubTexture name="green hold cover loop3" x="313" y="218" width="7" height="18" rotated="true" frameX="-16" frameY="-21" frameWidth="48" frameHeight="56"/>
	<SubTexture name="green hold cover loop4" x="162" y="264" width="10" height="16" rotated="true" frameX="-17" frameY="-19" frameWidth="48" frameHeight="56"/>
	<SubTexture name="green hold cover start1" x="113" y="91" width="22" height="26" rotated="true" frameX="-10" frameY="-11" frameWidth="48" frameHeight="56"/>
	<SubTexture name="green hold cover start10" x="175" y="84" width="38" height="37" rotated="true" frameX="-4" frameY="-6" frameWidth="48" frameHeight="56"/>
	<SubTexture name="green hold cover start2" x="188" y="163" width="26" height="21" frameX="-10" frameY="-11" frameWidth="48" frameHeight="56"/>
	<SubTexture name="green hold cover start3" x="47" y="153" width="28" height="31" rotated="true" frameX="-7" frameY="-7" frameWidth="48" frameHeight="56"/>
	<SubTexture name="green hold cover start4" x="216" y="194" width="31" height="28" frameX="-7" frameY="-7" frameWidth="48" frameHeight="56"/>
	<SubTexture name="green hold cover start5" x="251" y="127" width="33" height="31" frameX="-6" frameY="-6" frameWidth="48" frameHeight="56"/>
	<SubTexture name="green hold cover start6" x="284" y="156" width="33" height="31" frameX="-6" frameY="-6" frameWidth="48" frameHeight="56"/>
	<SubTexture name="green hold cover start7" x="75" y="166" width="37" height="35" rotated="true" frameX="-5" frameY="-4" frameWidth="48" frameHeight="56"/>
	<SubTexture name="green hold cover start8" x="47" y="201" width="35" height="37" frameX="-5" frameY="-4" frameWidth="48" frameHeight="56"/>
	<SubTexture name="green hold cover start9" x="75" y="91" width="38" height="37" rotated="true" frameX="-4" frameY="-6" frameWidth="48" frameHeight="56"/>
	<SubTexture name="purple hold cover end1" x="208" y="226" width="7" height="18" rotated="true" frameX="-16" frameY="-21" frameWidth="48" frameHeight="56"/>
	<SubTexture name="purple hold cover end2" x="251" y="158" width="33" height="32" frameX="-8" frameY="-6" frameWidth="48" frameHeight="56"/>
	<SubTexture name="purple hold cover end3" x="213" y="88" width="38" height="38" frameX="-5" frameY="-5" frameWidth="48" frameHeight="56"/>
	<SubTexture name="purple hold cover end4" x="278" y="0" width="42" height="45" frameX="-2" frameY="-4" frameWidth="48" frameHeight="56"/>
	<SubTexture name="purple hold cover end5" x="47" y="47" width="45" height="44" rotated="true" frameX="-1" frameY="-4" frameWidth="48" frameHeight="56"/>
	<SubTexture name="purple hold cover end6" x="94" y="0" width="47" height="47" frameX="-0" frameY="-4" frameWidth="48" frameHeight="56"/>
	<SubTexture name="purple hold cover end7" x="0" y="96" width="47" height="48" frameX="-0" frameY="-5" frameWidth="48" frameHeight="56"/>
	<SubTexture name="purple hold cover loop1" x="292" y="267" width="17" height="12" frameX="-16" frameY="-18" frameWidth="48" frameHeight="56"/>
	<SubTexture name="purple hold cover loop2" x="215" y="226" width="15" height="17" rotated="true" frameX="-16" frameY="-16" frameWidth="48" frameHeight="56"/>
	<SubTexture name="purple hold cover loop3" x="208" y="226" width="7" height="18" rotated="true" frameX="-16" frameY="-21" frameWidth="48" frameHeight="56"/>
	<SubTexture name="purple hold cover loop4" x="245" y="222" width="10" height="16" rotated="true" frameX="-17" frameY="-19" frameWidth="48" frameHeight="56"/>
	<SubTexture name="purple hold cover start1" x="113" y="91" width="22" height="26" rotated="true" frameX="-10" frameY="-11" frameWidth="48" frameHeight="56"/>
	<SubTexture name="purple hold cover start10" x="175" y="121" width="38" height="37" rotated="true" frameX="-4" frameY="-6" frameWidth="48" frameHeight="56"/>
	<SubTexture name="purple hold cover start2" x="292" y="246" width="26" height="21" frameX="-10" frameY="-11" frameWidth="48" frameHeight="56"/>
	<SubTexture name="purple hold cover start3" x="282" y="218" width="31" height="28" frameX="-7" frameY="-7" frameWidth="48" frameHeight="56"/>
	<SubTexture name="purple hold cover start4" x="208" y="246" width="28" height="31" rotated="true" frameX="-7" frameY="-7" frameWidth="48" frameHeight="56"/>
	<SubTexture name="purple hold cover start5" x="284" y="187" width="33" height="31" frameX="-6" frameY="-6" frameWidth="48" frameHeight="56"/>
	<SubTexture name="purple hold cover start6" x="177" y="226" width="31" height="33" rotated="true" frameX="-6" frameY="-6" frameWidth="48" frameHeight="56"/>
	<SubTexture name="purple hold cover start7" x="75" y="238" width="35" height="37" frameX="-5" frameY="-4" frameWidth="48" frameHeight="56"/>
	<SubTexture name="purple hold cover start8" x="82" y="201" width="35" height="37" frameX="-5" frameY="-4" frameWidth="48" frameHeight="56"/>
	<SubTexture name="purple hold cover start9" x="113" y="122" width="38" height="37" rotated="true" frameX="-4" frameY="-6" frameWidth="48" frameHeight="56"/>
	<SubTexture name="red hold cover end1" x="188" y="184" width="18" height="7" frameX="-16" frameY="-21" frameWidth="48" frameHeight="56"/>
	<SubTexture name="red hold cover end2" x="184" y="193" width="32" height="33" rotated="true" frameX="-8" frameY="-6" frameWidth="48" frameHeight="56"/>
	<SubTexture name="red hold cover end3" x="75" y="128" width="38" height="38" frameX="-5" frameY="-5" frameWidth="48" frameHeight="56"/>
	<SubTexture name="red hold cover end4" x="278" y="45" width="42" height="45" frameX="-2" frameY="-4" frameWidth="48" frameHeight="56"/>
	<SubTexture name="red hold cover end5" x="92" y="47" width="45" height="44" rotated="true" frameX="-1" frameY="-4" frameWidth="48" frameHeight="56"/>
	<SubTexture name="red hold cover end6" x="141" y="0" width="47" height="47" frameX="-0" frameY="-4" frameWidth="48" frameHeight="56"/>
	<SubTexture name="red hold cover end7" x="0" y="144" width="47" height="48" frameX="-0" frameY="-5" frameWidth="48" frameHeight="56"/>
	<SubTexture name="red hold cover loop1" x="175" y="64" width="12" height="17" rotated="true" frameX="-16" frameY="-18" frameWidth="48" frameHeight="56"/>
	<SubTexture name="red hold cover loop2" x="230" y="222" width="15" height="17" rotated="true" frameX="-16" frameY="-16" frameWidth="48" frameHeight="56"/>
	<SubTexture name="red hold cover loop3" x="188" y="184" width="18" height="7" frameX="-16" frameY="-21" frameWidth="48" frameHeight="56"/>
	<SubTexture name="red hold cover loop4" x="255" y="221" width="10" height="16" rotated="true" frameX="-17" frameY="-19" frameWidth="48" frameHeight="56"/>
	<SubTexture name="red hold cover start1" x="113" y="91" width="22" height="26" rotated="true" frameX="-10" frameY="-11" frameWidth="48" frameHeight="56"/>
	<SubTexture name="red hold cover start10" x="251" y="90" width="38" height="37" rotated="true" frameX="-4" frameY="-6" frameWidth="48" frameHeight="56"/>
	<SubTexture name="red hold cover start2" x="151" y="122" width="21" height="26" rotated="true" frameX="-10" frameY="-11" frameWidth="48" frameHeight="56"/>
	<SubTexture name="red hold cover start3" x="236" y="246" width="28" height="31" rotated="true" frameX="-7" frameY="-7" frameWidth="48" frameHeight="56"/>
	<SubTexture name="red hold cover start4" x="264" y="246" width="28" height="31" rotated="true" frameX="-7" frameY="-7" frameWidth="48" frameHeight="56"/>
	<SubTexture name="red hold cover start5" x="216" y="163" width="33" height="31" frameX="-6" frameY="-6" frameWidth="48" frameHeight="56"/>
	<SubTexture name="red hold cover start6" x="249" y="190" width="33" height="31" frameX="-6" frameY="-6" frameWidth="48" frameHeight="56"/>
	<SubTexture name="red hold cover start7" x="110" y="238" width="35" height="37" frameX="-5" frameY="-4" frameWidth="48" frameHeight="56"/>
	<SubTexture name="red hold cover start8" x="117" y="194" width="35" height="37" frameX="-5" frameY="-4" frameWidth="48" frameHeight="56"/>
	<SubTexture name="red hold cover start9" x="213" y="126" width="38" height="37" rotated="true" frameX="-4" frameY="-6" frameWidth="48" frameHeight="56"/>
</TextureAtlas>