<?xml version="1.0" encoding="UTF-8"?>
<!--
Created with Funkin Packer v0.1.3 https://neeeoo.github.io/funkin-packer/
-->
<TextureAtlas imagePath="abotHead.png" width="20" height="84">
	<SubTexture name="abot head left idle1" x="0" y="0" width="20" height="21" frameX="-2" frameY="-15" frameWidth="86" frameHeight="36"/>
	<SubTexture name="abot head left trans1" x="0" y="21" width="20" height="21" frameX="-2" frameY="-15" frameWidth="86" frameHeight="36"/>
	<SubTexture name="abot head left trans10" x="0" y="0" width="20" height="21" frameX="-2" frameY="-15" frameWidth="86" frameHeight="36"/>
	<SubTexture name="abot head left trans11" x="0" y="0" width="20" height="21" frameX="-2" frameY="-15" frameWidth="86" frameHeight="36"/>
	<SubTexture name="abot head left trans12" x="0" y="0" width="20" height="21" frameX="-2" frameY="-15" frameWidth="86" frameHeight="36"/>
	<SubTexture name="abot head left trans2" x="0" y="21" width="20" height="21" frameX="-2" frameY="-15" frameWidth="86" frameHeight="36"/>
	<SubTexture name="abot head left trans3" x="0" y="21" width="20" height="21" frameX="-2" frameY="-15" frameWidth="86" frameHeight="36"/>
	<SubTexture name="abot head left trans4" x="0" y="21" width="20" height="21" frameX="-2" frameY="-15" frameWidth="86" frameHeight="36"/>
	<SubTexture name="abot head left trans5" x="0" y="21" width="20" height="21" frameX="-2" frameY="-15" frameWidth="86" frameHeight="36"/>
	<SubTexture name="abot head left trans6" x="0" y="21" width="20" height="21" frameX="-2" frameY="-15" frameWidth="86" frameHeight="36"/>
	<SubTexture name="abot head left trans7" x="0" y="42" width="20" height="21" frameX="-2" frameY="-15" frameWidth="86" frameHeight="36"/>
	<SubTexture name="abot head left trans8" x="0" y="42" width="20" height="21" frameX="-2" frameY="-15" frameWidth="86" frameHeight="36"/>
	<SubTexture name="abot head left trans9" x="0" y="63" width="20" height="21" frameX="-2" frameY="-15" frameWidth="86" frameHeight="36"/>
	<SubTexture name="abot head right idle1" x="0" y="21" width="20" height="21" frameX="-2" frameY="-15" frameWidth="86" frameHeight="36"/>
	<SubTexture name="abot head right trans1" x="0" y="0" width="20" height="21" frameX="-2" frameY="-15" frameWidth="86" frameHeight="36"/>
	<SubTexture name="abot head right trans10" x="0" y="21" width="20" height="21" frameX="-2" frameY="-15" frameWidth="86" frameHeight="36"/>
	<SubTexture name="abot head right trans11" x="0" y="21" width="20" height="21" frameX="-2" frameY="-15" frameWidth="86" frameHeight="36"/>
	<SubTexture name="abot head right trans12" x="0" y="21" width="20" height="21" frameX="-2" frameY="-15" frameWidth="86" frameHeight="36"/>
	<SubTexture name="abot head right trans2" x="0" y="0" width="20" height="21" frameX="-2" frameY="-15" frameWidth="86" frameHeight="36"/>
	<SubTexture name="abot head right trans3" x="0" y="0" width="20" height="21" frameX="-2" frameY="-15" frameWidth="86" frameHeight="36"/>
	<SubTexture name="abot head right trans4" x="0" y="0" width="20" height="21" frameX="-2" frameY="-15" frameWidth="86" frameHeight="36"/>
	<SubTexture name="abot head right trans5" x="0" y="0" width="20" height="21" frameX="-2" frameY="-15" frameWidth="86" frameHeight="36"/>
	<SubTexture name="abot head right trans6" x="0" y="0" width="20" height="21" frameX="-2" frameY="-15" frameWidth="86" frameHeight="36"/>
	<SubTexture name="abot head right trans7" x="0" y="63" width="20" height="21" frameX="-2" frameY="-15" frameWidth="86" frameHeight="36"/>
	<SubTexture name="abot head right trans8" x="0" y="63" width="20" height="21" frameX="-2" frameY="-15" frameWidth="86" frameHeight="36"/>
	<SubTexture name="abot head right trans9" x="0" y="42" width="20" height="21" frameX="-2" frameY="-15" frameWidth="86" frameHeight="36"/>
</TextureAtlas>