<?xml version="1.0" encoding="UTF-8"?>
<!--
Created with Funkin Packer v0.1.3 https://neeeoo.github.io/funkin-packer/
-->
<TextureAtlas imagePath="nene.png" width="463" height="280">
	<SubTexture name="bop left1" x="0" y="116" width="49" height="46" rotated="true" frameX="-12" frameY="-20" frameWidth="80" frameHeight="88"/>
	<SubTexture name="bop left10" x="106" y="215" width="54" height="54" frameX="-6" frameY="-19" frameWidth="80" frameHeight="88"/>
	<SubTexture name="bop left11" x="163" y="164" width="55" height="53" rotated="true" frameX="-7" frameY="-19" frameWidth="80" frameHeight="88"/>
	<SubTexture name="bop left12" x="163" y="164" width="55" height="53" rotated="true" frameX="-7" frameY="-19" frameWidth="80" frameHeight="88"/>
	<SubTexture name="bop left2" x="0" y="116" width="49" height="46" rotated="true" frameX="-12" frameY="-20" frameWidth="80" frameHeight="88"/>
	<SubTexture name="bop left3" x="412" y="122" width="51" height="50" frameX="-7" frameY="-21" frameWidth="80" frameHeight="88"/>
	<SubTexture name="bop left4" x="412" y="122" width="51" height="50" frameX="-7" frameY="-21" frameWidth="80" frameHeight="88"/>
	<SubTexture name="bop left5" x="160" y="217" width="54" height="54" frameX="-4" frameY="-20" frameWidth="80" frameHeight="88"/>
	<SubTexture name="bop left6" x="160" y="217" width="54" height="54" frameX="-4" frameY="-20" frameWidth="80" frameHeight="88"/>
	<SubTexture name="bop left7" x="218" y="164" width="54" height="53" frameX="-5" frameY="-20" frameWidth="80" frameHeight="88"/>
	<SubTexture name="bop left8" x="218" y="164" width="54" height="53" frameX="-5" frameY="-20" frameWidth="80" frameHeight="88"/>
	<SubTexture name="bop left9" x="106" y="215" width="54" height="54" frameX="-6" frameY="-19" frameWidth="80" frameHeight="88"/>
	<SubTexture name="bop right1" x="49" y="116" width="52" height="46" frameX="-9" frameY="-21" frameWidth="80" frameHeight="88"/>
	<SubTexture name="bop right10" x="0" y="76" width="41" height="40" rotated="true" frameX="-20" frameY="-19" frameWidth="80" frameHeight="88"/>
	<SubTexture name="bop right11" x="108" y="77" width="45" height="40" rotated="true" frameX="-20" frameY="-19" frameWidth="80" frameHeight="88"/>
	<SubTexture name="bop right12" x="108" y="77" width="45" height="40" rotated="true" frameX="-20" frameY="-19" frameWidth="80" frameHeight="88"/>
	<SubTexture name="bop right2" x="49" y="116" width="52" height="46" frameX="-9" frameY="-21" frameWidth="80" frameHeight="88"/>
	<SubTexture name="bop right3" x="153" y="77" width="47" height="40" frameX="-14" frameY="-21" frameWidth="80" frameHeight="88"/>
	<SubTexture name="bop right4" x="153" y="77" width="47" height="40" frameX="-14" frameY="-21" frameWidth="80" frameHeight="88"/>
	<SubTexture name="bop right5" x="61" y="38" width="41" height="39" frameX="-20" frameY="-20" frameWidth="80" frameHeight="88"/>
	<SubTexture name="bop right6" x="61" y="38" width="41" height="39" frameX="-20" frameY="-20" frameWidth="80" frameHeight="88"/>
	<SubTexture name="bop right7" x="200" y="77" width="40" height="40" frameX="-20" frameY="-19" frameWidth="80" frameHeight="88"/>
	<SubTexture name="bop right8" x="200" y="77" width="40" height="40" frameX="-20" frameY="-19" frameWidth="80" frameHeight="88"/>
	<SubTexture name="bop right9" x="0" y="76" width="41" height="40" rotated="true" frameX="-20" frameY="-19" frameWidth="80" frameHeight="88"/>
	<SubTexture name="cheer1" x="0" y="0" width="51" height="38" rotated="true" frameX="-21" frameY="-18" frameWidth="80" frameHeight="88"/>
	<SubTexture name="cheer10" x="51" y="0" width="62" height="38" rotated="true" frameX="-21" frameY="-8" frameWidth="80" frameHeight="88"/>
	<SubTexture name="cheer11" x="51" y="0" width="62" height="38" rotated="true" frameX="-21" frameY="-8" frameWidth="80" frameHeight="88"/>
	<SubTexture name="cheer12" x="113" y="0" width="63" height="38" rotated="true" frameX="-21" frameY="-7" frameWidth="80" frameHeight="88"/>
	<SubTexture name="cheer13" x="113" y="0" width="63" height="38" rotated="true" frameX="-21" frameY="-7" frameWidth="80" frameHeight="88"/>
	<SubTexture name="cheer14" x="176" y="0" width="51" height="38" rotated="true" frameX="-21" frameY="-19" frameWidth="80" frameHeight="88"/>
	<SubTexture name="cheer15" x="176" y="0" width="51" height="38" rotated="true" frameX="-21" frameY="-19" frameWidth="80" frameHeight="88"/>
	<SubTexture name="cheer16" x="176" y="0" width="51" height="38" rotated="true" frameX="-21" frameY="-19" frameWidth="80" frameHeight="88"/>
	<SubTexture name="cheer2" x="227" y="0" width="54" height="38" rotated="true" frameX="-21" frameY="-15" frameWidth="80" frameHeight="88"/>
	<SubTexture name="cheer3" x="281" y="0" width="55" height="38" rotated="true" frameX="-21" frameY="-15" frameWidth="80" frameHeight="88"/>
	<SubTexture name="cheer4" x="336" y="0" width="58" height="38" rotated="true" frameX="-21" frameY="-12" frameWidth="80" frameHeight="88"/>
	<SubTexture name="cheer5" x="336" y="0" width="58" height="38" rotated="true" frameX="-21" frameY="-12" frameWidth="80" frameHeight="88"/>
	<SubTexture name="cheer6" x="394" y="0" width="60" height="38" rotated="true" frameX="-21" frameY="-10" frameWidth="80" frameHeight="88"/>
	<SubTexture name="cheer7" x="394" y="0" width="60" height="38" rotated="true" frameX="-21" frameY="-10" frameWidth="80" frameHeight="88"/>
	<SubTexture name="cheer8" x="0" y="38" width="61" height="38" rotated="true" frameX="-21" frameY="-9" frameWidth="80" frameHeight="88"/>
	<SubTexture name="cheer9" x="0" y="38" width="61" height="38" rotated="true" frameX="-21" frameY="-9" frameWidth="80" frameHeight="88"/>
	<SubTexture name="excited1" x="153" y="117" width="52" height="47" rotated="true" frameX="-17" frameY="-21" frameWidth="80" frameHeight="88"/>
	<SubTexture name="excited10" x="305" y="77" width="54" height="45" rotated="true" frameX="-18" frameY="-20" frameWidth="80" frameHeight="88"/>
	<SubTexture name="excited11" x="305" y="77" width="54" height="45" rotated="true" frameX="-18" frameY="-20" frameWidth="80" frameHeight="88"/>
	<SubTexture name="excited12" x="305" y="77" width="54" height="45" rotated="true" frameX="-18" frameY="-20" frameWidth="80" frameHeight="88"/>
	<SubTexture name="excited13" x="305" y="77" width="54" height="45" rotated="true" frameX="-18" frameY="-20" frameWidth="80" frameHeight="88"/>
	<SubTexture name="excited14" x="305" y="77" width="54" height="45" rotated="true" frameX="-18" frameY="-20" frameWidth="80" frameHeight="88"/>
	<SubTexture name="excited2" x="153" y="117" width="52" height="47" rotated="true" frameX="-17" frameY="-21" frameWidth="80" frameHeight="88"/>
	<SubTexture name="excited3" x="305" y="77" width="54" height="45" rotated="true" frameX="-18" frameY="-20" frameWidth="80" frameHeight="88"/>
	<SubTexture name="excited4" x="305" y="77" width="54" height="45" rotated="true" frameX="-18" frameY="-20" frameWidth="80" frameHeight="88"/>
	<SubTexture name="excited5" x="305" y="77" width="54" height="45" rotated="true" frameX="-18" frameY="-20" frameWidth="80" frameHeight="88"/>
	<SubTexture name="excited6" x="305" y="77" width="54" height="45" rotated="true" frameX="-18" frameY="-20" frameWidth="80" frameHeight="88"/>
	<SubTexture name="excited7" x="305" y="77" width="54" height="45" rotated="true" frameX="-18" frameY="-20" frameWidth="80" frameHeight="88"/>
	<SubTexture name="excited8" x="305" y="77" width="54" height="45" rotated="true" frameX="-18" frameY="-20" frameWidth="80" frameHeight="88"/>
	<SubTexture name="excited9" x="305" y="77" width="54" height="45" rotated="true" frameX="-18" frameY="-20" frameWidth="80" frameHeight="88"/>
	<SubTexture name="flash1" x="272" y="171" width="55" height="53" rotated="true" frameX="-7" frameY="-19" frameWidth="80" frameHeight="88"/>
	<SubTexture name="flash2" x="272" y="171" width="55" height="53" rotated="true" frameX="-7" frameY="-19" frameWidth="80" frameHeight="88"/>
	<SubTexture name="flash3" x="327" y="171" width="55" height="53" rotated="true" frameX="-7" frameY="-19" frameWidth="80" frameHeight="88"/>
	<SubTexture name="flash4" x="327" y="171" width="55" height="53" rotated="true" frameX="-7" frameY="-19" frameWidth="80" frameHeight="88"/>
	<SubTexture name="knife idle1" x="102" y="38" width="68" height="39" rotated="true" frameX="-20" frameY="-6" frameWidth="80" frameHeight="88"/>
	<SubTexture name="knife idle10" x="170" y="38" width="68" height="39" rotated="true" frameX="-20" frameY="-6" frameWidth="80" frameHeight="88"/>
	<SubTexture name="knife idle11" x="170" y="38" width="68" height="39" rotated="true" frameX="-20" frameY="-6" frameWidth="80" frameHeight="88"/>
	<SubTexture name="knife idle2" x="102" y="38" width="68" height="39" rotated="true" frameX="-20" frameY="-6" frameWidth="80" frameHeight="88"/>
	<SubTexture name="knife idle3" x="102" y="38" width="68" height="39" rotated="true" frameX="-20" frameY="-6" frameWidth="80" frameHeight="88"/>
	<SubTexture name="knife idle4" x="102" y="38" width="68" height="39" rotated="true" frameX="-20" frameY="-6" frameWidth="80" frameHeight="88"/>
	<SubTexture name="knife idle5" x="238" y="38" width="68" height="39" rotated="true" frameX="-20" frameY="-6" frameWidth="80" frameHeight="88"/>
	<SubTexture name="knife idle6" x="306" y="38" width="68" height="39" rotated="true" frameX="-20" frameY="-6" frameWidth="80" frameHeight="88"/>
	<SubTexture name="knife idle7" x="306" y="38" width="68" height="39" rotated="true" frameX="-20" frameY="-6" frameWidth="80" frameHeight="88"/>
	<SubTexture name="knife idle8" x="374" y="38" width="68" height="39" rotated="true" frameX="-20" frameY="-6" frameWidth="80" frameHeight="88"/>
	<SubTexture name="knife idle9" x="374" y="38" width="68" height="39" rotated="true" frameX="-20" frameY="-6" frameWidth="80" frameHeight="88"/>
	<SubTexture name="knife lower1" x="102" y="38" width="68" height="39" rotated="true" frameX="-20" frameY="-6" frameWidth="80" frameHeight="88"/>
	<SubTexture name="knife lower10" x="49" y="116" width="52" height="46" frameX="-9" frameY="-21" frameWidth="80" frameHeight="88"/>
	<SubTexture name="knife lower11" x="153" y="77" width="47" height="40" frameX="-14" frameY="-21" frameWidth="80" frameHeight="88"/>
	<SubTexture name="knife lower12" x="153" y="77" width="47" height="40" frameX="-14" frameY="-21" frameWidth="80" frameHeight="88"/>
	<SubTexture name="knife lower13" x="61" y="38" width="41" height="39" frameX="-20" frameY="-20" frameWidth="80" frameHeight="88"/>
	<SubTexture name="knife lower14" x="61" y="38" width="41" height="39" frameX="-20" frameY="-20" frameWidth="80" frameHeight="88"/>
	<SubTexture name="knife lower15" x="200" y="77" width="40" height="40" frameX="-20" frameY="-19" frameWidth="80" frameHeight="88"/>
	<SubTexture name="knife lower16" x="200" y="77" width="40" height="40" frameX="-20" frameY="-19" frameWidth="80" frameHeight="88"/>
	<SubTexture name="knife lower17" x="0" y="76" width="41" height="40" rotated="true" frameX="-20" frameY="-19" frameWidth="80" frameHeight="88"/>
	<SubTexture name="knife lower18" x="0" y="76" width="41" height="40" rotated="true" frameX="-20" frameY="-19" frameWidth="80" frameHeight="88"/>
	<SubTexture name="knife lower19" x="108" y="77" width="45" height="40" rotated="true" frameX="-20" frameY="-19" frameWidth="80" frameHeight="88"/>
	<SubTexture name="knife lower2" x="102" y="38" width="68" height="39" rotated="true" frameX="-20" frameY="-6" frameWidth="80" frameHeight="88"/>
	<SubTexture name="knife lower20" x="108" y="77" width="45" height="40" rotated="true" frameX="-20" frameY="-19" frameWidth="80" frameHeight="88"/>
	<SubTexture name="knife lower3" x="41" y="77" width="67" height="39" rotated="true" frameX="-20" frameY="-7" frameWidth="80" frameHeight="88"/>
	<SubTexture name="knife lower4" x="41" y="77" width="67" height="39" rotated="true" frameX="-20" frameY="-7" frameWidth="80" frameHeight="88"/>
	<SubTexture name="knife lower5" x="240" y="77" width="65" height="40" rotated="true" frameX="-19" frameY="-9" frameWidth="80" frameHeight="88"/>
	<SubTexture name="knife lower6" x="240" y="77" width="65" height="40" rotated="true" frameX="-19" frameY="-9" frameWidth="80" frameHeight="88"/>
	<SubTexture name="knife lower7" x="108" y="164" width="55" height="51" rotated="true" frameX="-9" frameY="-19" frameWidth="80" frameHeight="88"/>
	<SubTexture name="knife lower8" x="108" y="164" width="55" height="51" rotated="true" frameX="-9" frameY="-19" frameWidth="80" frameHeight="88"/>
	<SubTexture name="knife lower9" x="49" y="116" width="52" height="46" frameX="-9" frameY="-21" frameWidth="80" frameHeight="88"/>
	<SubTexture name="knife raise1" x="214" y="217" width="55" height="55" frameX="-5" frameY="-19" frameWidth="80" frameHeight="88"/>
	<SubTexture name="knife raise10" x="102" y="38" width="68" height="39" rotated="true" frameX="-20" frameY="-6" frameWidth="80" frameHeight="88"/>
	<SubTexture name="knife raise11" x="102" y="38" width="68" height="39" rotated="true" frameX="-20" frameY="-6" frameWidth="80" frameHeight="88"/>
	<SubTexture name="knife raise12" x="102" y="38" width="68" height="39" rotated="true" frameX="-20" frameY="-6" frameWidth="80" frameHeight="88"/>
	<SubTexture name="knife raise13" x="102" y="38" width="68" height="39" rotated="true" frameX="-20" frameY="-6" frameWidth="80" frameHeight="88"/>
	<SubTexture name="knife raise14" x="102" y="38" width="68" height="39" rotated="true" frameX="-20" frameY="-6" frameWidth="80" frameHeight="88"/>
	<SubTexture name="knife raise15" x="102" y="38" width="68" height="39" rotated="true" frameX="-20" frameY="-6" frameWidth="80" frameHeight="88"/>
	<SubTexture name="knife raise16" x="102" y="38" width="68" height="39" rotated="true" frameX="-20" frameY="-6" frameWidth="80" frameHeight="88"/>
	<SubTexture name="knife raise2" x="214" y="217" width="55" height="55" frameX="-5" frameY="-19" frameWidth="80" frameHeight="88"/>
	<SubTexture name="knife raise3" x="53" y="163" width="55" height="50" rotated="true" frameX="-9" frameY="-19" frameWidth="80" frameHeight="88"/>
	<SubTexture name="knife raise4" x="53" y="163" width="55" height="50" rotated="true" frameX="-9" frameY="-19" frameWidth="80" frameHeight="88"/>
	<SubTexture name="knife raise5" x="240" y="77" width="65" height="40" rotated="true" frameX="-19" frameY="-9" frameWidth="80" frameHeight="88"/>
	<SubTexture name="knife raise6" x="240" y="77" width="65" height="40" rotated="true" frameX="-19" frameY="-9" frameWidth="80" frameHeight="88"/>
	<SubTexture name="knife raise7" x="41" y="77" width="67" height="39" rotated="true" frameX="-20" frameY="-7" frameWidth="80" frameHeight="88"/>
	<SubTexture name="knife raise8" x="41" y="77" width="67" height="39" rotated="true" frameX="-20" frameY="-7" frameWidth="80" frameHeight="88"/>
	<SubTexture name="knife raise9" x="102" y="38" width="68" height="39" rotated="true" frameX="-20" frameY="-6" frameWidth="80" frameHeight="88"/>
	<SubTexture name="laugh1" x="303" y="122" width="56" height="49" frameX="-5" frameY="-24" frameWidth="80" frameHeight="88"/>
	<SubTexture name="laugh10" x="359" y="77" width="50" height="45" rotated="true" frameX="-14" frameY="-20" frameWidth="80" frameHeight="88"/>
	<SubTexture name="laugh11" x="101" y="117" width="52" height="46" rotated="true" frameX="-13" frameY="-19" frameWidth="80" frameHeight="88"/>
	<SubTexture name="laugh12" x="101" y="117" width="52" height="46" rotated="true" frameX="-13" frameY="-19" frameWidth="80" frameHeight="88"/>
	<SubTexture name="laugh13" x="359" y="77" width="50" height="45" rotated="true" frameX="-14" frameY="-20" frameWidth="80" frameHeight="88"/>
	<SubTexture name="laugh14" x="359" y="77" width="50" height="45" rotated="true" frameX="-14" frameY="-20" frameWidth="80" frameHeight="88"/>
	<SubTexture name="laugh15" x="101" y="117" width="52" height="46" rotated="true" frameX="-13" frameY="-19" frameWidth="80" frameHeight="88"/>
	<SubTexture name="laugh16" x="101" y="117" width="52" height="46" rotated="true" frameX="-13" frameY="-19" frameWidth="80" frameHeight="88"/>
	<SubTexture name="laugh17" x="359" y="77" width="50" height="45" rotated="true" frameX="-14" frameY="-20" frameWidth="80" frameHeight="88"/>
	<SubTexture name="laugh18" x="359" y="77" width="50" height="45" rotated="true" frameX="-14" frameY="-20" frameWidth="80" frameHeight="88"/>
	<SubTexture name="laugh19" x="101" y="117" width="52" height="46" rotated="true" frameX="-13" frameY="-19" frameWidth="80" frameHeight="88"/>
	<SubTexture name="laugh2" x="303" y="122" width="56" height="49" frameX="-5" frameY="-24" frameWidth="80" frameHeight="88"/>
	<SubTexture name="laugh20" x="101" y="117" width="52" height="46" rotated="true" frameX="-13" frameY="-19" frameWidth="80" frameHeight="88"/>
	<SubTexture name="laugh21" x="101" y="117" width="52" height="46" rotated="true" frameX="-13" frameY="-19" frameWidth="80" frameHeight="88"/>
	<SubTexture name="laugh22" x="101" y="117" width="52" height="46" rotated="true" frameX="-13" frameY="-19" frameWidth="80" frameHeight="88"/>
	<SubTexture name="laugh23" x="101" y="117" width="52" height="46" rotated="true" frameX="-13" frameY="-19" frameWidth="80" frameHeight="88"/>
	<SubTexture name="laugh24" x="101" y="117" width="52" height="46" rotated="true" frameX="-13" frameY="-19" frameWidth="80" frameHeight="88"/>
	<SubTexture name="laugh3" x="359" y="122" width="53" height="49" frameX="-7" frameY="-23" frameWidth="80" frameHeight="88"/>
	<SubTexture name="laugh4" x="0" y="162" width="53" height="49" frameX="-7" frameY="-23" frameWidth="80" frameHeight="88"/>
	<SubTexture name="laugh5" x="205" y="117" width="49" height="47" rotated="true" frameX="-13" frameY="-21" frameWidth="80" frameHeight="88"/>
	<SubTexture name="laugh6" x="254" y="117" width="49" height="47" rotated="true" frameX="-13" frameY="-21" frameWidth="80" frameHeight="88"/>
	<SubTexture name="laugh7" x="409" y="77" width="48" height="45" rotated="true" frameX="-14" frameY="-21" frameWidth="80" frameHeight="88"/>
	<SubTexture name="laugh8" x="409" y="77" width="48" height="45" rotated="true" frameX="-14" frameY="-21" frameWidth="80" frameHeight="88"/>
	<SubTexture name="laugh9" x="359" y="77" width="50" height="45" rotated="true" frameX="-14" frameY="-20" frameWidth="80" frameHeight="88"/>
	<SubTexture name="one1" x="382" y="172" width="53" height="53" frameX="-9" frameY="-21" frameWidth="80" frameHeight="88"/>
	<SubTexture name="one10" x="269" y="224" width="56" height="55" frameX="-7" frameY="-19" frameWidth="80" frameHeight="88"/>
	<SubTexture name="one11" x="269" y="224" width="56" height="55" frameX="-7" frameY="-19" frameWidth="80" frameHeight="88"/>
	<SubTexture name="one12" x="269" y="224" width="56" height="55" frameX="-7" frameY="-19" frameWidth="80" frameHeight="88"/>
	<SubTexture name="one2" x="382" y="172" width="53" height="53" frameX="-9" frameY="-21" frameWidth="80" frameHeight="88"/>
	<SubTexture name="one3" x="269" y="224" width="56" height="55" frameX="-7" frameY="-19" frameWidth="80" frameHeight="88"/>
	<SubTexture name="one4" x="269" y="224" width="56" height="55" frameX="-7" frameY="-19" frameWidth="80" frameHeight="88"/>
	<SubTexture name="one5" x="269" y="224" width="56" height="55" frameX="-7" frameY="-19" frameWidth="80" frameHeight="88"/>
	<SubTexture name="one6" x="269" y="224" width="56" height="55" frameX="-7" frameY="-19" frameWidth="80" frameHeight="88"/>
	<SubTexture name="one7" x="269" y="224" width="56" height="55" frameX="-7" frameY="-19" frameWidth="80" frameHeight="88"/>
	<SubTexture name="one8" x="269" y="224" width="56" height="55" frameX="-7" frameY="-19" frameWidth="80" frameHeight="88"/>
	<SubTexture name="one9" x="269" y="224" width="56" height="55" frameX="-7" frameY="-19" frameWidth="80" frameHeight="88"/>
	<SubTexture name="three1" x="0" y="211" width="53" height="53" frameX="-9" frameY="-21" frameWidth="80" frameHeight="88"/>
	<SubTexture name="three10" x="325" y="224" width="56" height="55" frameX="-7" frameY="-19" frameWidth="80" frameHeight="88"/>
	<SubTexture name="three11" x="325" y="224" width="56" height="55" frameX="-7" frameY="-19" frameWidth="80" frameHeight="88"/>
	<SubTexture name="three12" x="325" y="224" width="56" height="55" frameX="-7" frameY="-19" frameWidth="80" frameHeight="88"/>
	<SubTexture name="three2" x="0" y="211" width="53" height="53" frameX="-9" frameY="-21" frameWidth="80" frameHeight="88"/>
	<SubTexture name="three3" x="325" y="224" width="56" height="55" frameX="-7" frameY="-19" frameWidth="80" frameHeight="88"/>
	<SubTexture name="three4" x="325" y="224" width="56" height="55" frameX="-7" frameY="-19" frameWidth="80" frameHeight="88"/>
	<SubTexture name="three5" x="325" y="224" width="56" height="55" frameX="-7" frameY="-19" frameWidth="80" frameHeight="88"/>
	<SubTexture name="three6" x="325" y="224" width="56" height="55" frameX="-7" frameY="-19" frameWidth="80" frameHeight="88"/>
	<SubTexture name="three7" x="325" y="224" width="56" height="55" frameX="-7" frameY="-19" frameWidth="80" frameHeight="88"/>
	<SubTexture name="three8" x="325" y="224" width="56" height="55" frameX="-7" frameY="-19" frameWidth="80" frameHeight="88"/>
	<SubTexture name="three9" x="325" y="224" width="56" height="55" frameX="-7" frameY="-19" frameWidth="80" frameHeight="88"/>
	<SubTexture name="two1" x="53" y="213" width="53" height="53" frameX="-9" frameY="-21" frameWidth="80" frameHeight="88"/>
	<SubTexture name="two10" x="381" y="225" width="56" height="55" frameX="-7" frameY="-19" frameWidth="80" frameHeight="88"/>
	<SubTexture name="two11" x="381" y="225" width="56" height="55" frameX="-7" frameY="-19" frameWidth="80" frameHeight="88"/>
	<SubTexture name="two12" x="381" y="225" width="56" height="55" frameX="-7" frameY="-19" frameWidth="80" frameHeight="88"/>
	<SubTexture name="two2" x="53" y="213" width="53" height="53" frameX="-9" frameY="-21" frameWidth="80" frameHeight="88"/>
	<SubTexture name="two3" x="381" y="225" width="56" height="55" frameX="-7" frameY="-19" frameWidth="80" frameHeight="88"/>
	<SubTexture name="two4" x="381" y="225" width="56" height="55" frameX="-7" frameY="-19" frameWidth="80" frameHeight="88"/>
	<SubTexture name="two5" x="381" y="225" width="56" height="55" frameX="-7" frameY="-19" frameWidth="80" frameHeight="88"/>
	<SubTexture name="two6" x="381" y="225" width="56" height="55" frameX="-7" frameY="-19" frameWidth="80" frameHeight="88"/>
	<SubTexture name="two7" x="381" y="225" width="56" height="55" frameX="-7" frameY="-19" frameWidth="80" frameHeight="88"/>
	<SubTexture name="two8" x="381" y="225" width="56" height="55" frameX="-7" frameY="-19" frameWidth="80" frameHeight="88"/>
	<SubTexture name="two9" x="381" y="225" width="56" height="55" frameX="-7" frameY="-19" frameWidth="80" frameHeight="88"/>
</TextureAtlas>