<?xml version="1.0" encoding="UTF-8"?>
<!--
Created with Funkin Packer v0.1.3 https://neeeoo.github.io/funkin-packer/
-->
<TextureAtlas imagePath="gf.png" width="198" height="183">
	<SubTexture name="bop left1" x="0" y="54" width="37" height="53" frameX="-22" frameY="-4" frameWidth="80" frameHeight="72"/>
	<SubTexture name="bop left10" x="0" y="107" width="37" height="53" frameX="-22" frameY="-3" frameWidth="80" frameHeight="72"/>
	<SubTexture name="bop left2" x="0" y="54" width="37" height="53" frameX="-22" frameY="-4" frameWidth="80" frameHeight="72"/>
	<SubTexture name="bop left3" x="90" y="39" width="52" height="36" rotated="true" frameX="-22" frameY="-5" frameWidth="80" frameHeight="72"/>
	<SubTexture name="bop left4" x="90" y="39" width="52" height="36" rotated="true" frameX="-22" frameY="-5" frameWidth="80" frameHeight="72"/>
	<SubTexture name="bop left5" x="74" y="75" width="37" height="51" frameX="-22" frameY="-5" frameWidth="80" frameHeight="72"/>
	<SubTexture name="bop left6" x="74" y="75" width="37" height="51" frameX="-22" frameY="-5" frameWidth="80" frameHeight="72"/>
	<SubTexture name="bop left7" x="37" y="75" width="37" height="52" frameX="-22" frameY="-4" frameWidth="80" frameHeight="72"/>
	<SubTexture name="bop left8" x="37" y="75" width="37" height="52" frameX="-22" frameY="-4" frameWidth="80" frameHeight="72"/>
	<SubTexture name="bop left9" x="0" y="107" width="37" height="53" frameX="-22" frameY="-3" frameWidth="80" frameHeight="72"/>
	<SubTexture name="bop right1" x="37" y="0" width="53" height="38" rotated="true" frameX="-22" frameY="-4" frameWidth="80" frameHeight="72"/>
	<SubTexture name="bop right10" x="0" y="107" width="37" height="53" frameX="-22" frameY="-3" frameWidth="80" frameHeight="72"/>
	<SubTexture name="bop right2" x="37" y="0" width="53" height="38" rotated="true" frameX="-22" frameY="-4" frameWidth="80" frameHeight="72"/>
	<SubTexture name="bop right3" x="90" y="0" width="53" height="39" rotated="true" frameX="-22" frameY="-4" frameWidth="80" frameHeight="72"/>
	<SubTexture name="bop right4" x="90" y="0" width="53" height="39" rotated="true" frameX="-22" frameY="-4" frameWidth="80" frameHeight="72"/>
	<SubTexture name="bop right5" x="37" y="127" width="39" height="52" frameX="-22" frameY="-4" frameWidth="80" frameHeight="72"/>
	<SubTexture name="bop right6" x="37" y="127" width="39" height="52" frameX="-22" frameY="-4" frameWidth="80" frameHeight="72"/>
	<SubTexture name="bop right7" x="37" y="38" width="53" height="37" rotated="true" frameX="-22" frameY="-3" frameWidth="80" frameHeight="72"/>
	<SubTexture name="bop right8" x="37" y="38" width="53" height="37" rotated="true" frameX="-22" frameY="-3" frameWidth="80" frameHeight="72"/>
	<SubTexture name="bop right9" x="0" y="107" width="37" height="53" frameX="-22" frameY="-3" frameWidth="80" frameHeight="72"/>
	<SubTexture name="cheer1" x="0" y="0" width="37" height="54" frameX="-23" frameY="-2" frameWidth="80" frameHeight="72"/>
	<SubTexture name="cheer10" x="143" y="0" width="53" height="38" rotated="true" frameX="-22" frameY="-3" frameWidth="80" frameHeight="72"/>
	<SubTexture name="cheer2" x="0" y="0" width="37" height="54" frameX="-23" frameY="-2" frameWidth="80" frameHeight="72"/>
	<SubTexture name="cheer3" x="143" y="0" width="53" height="38" rotated="true" frameX="-22" frameY="-3" frameWidth="80" frameHeight="72"/>
	<SubTexture name="cheer4" x="143" y="0" width="53" height="38" rotated="true" frameX="-22" frameY="-3" frameWidth="80" frameHeight="72"/>
	<SubTexture name="cheer5" x="143" y="0" width="53" height="38" rotated="true" frameX="-22" frameY="-3" frameWidth="80" frameHeight="72"/>
	<SubTexture name="cheer6" x="143" y="0" width="53" height="38" rotated="true" frameX="-22" frameY="-3" frameWidth="80" frameHeight="72"/>
	<SubTexture name="cheer7" x="143" y="0" width="53" height="38" rotated="true" frameX="-22" frameY="-3" frameWidth="80" frameHeight="72"/>
	<SubTexture name="cheer8" x="143" y="0" width="53" height="38" rotated="true" frameX="-22" frameY="-3" frameWidth="80" frameHeight="72"/>
	<SubTexture name="cheer9" x="143" y="0" width="53" height="38" rotated="true" frameX="-22" frameY="-3" frameWidth="80" frameHeight="72"/>
	<SubTexture name="shock1" x="143" y="38" width="53" height="37" rotated="true" frameX="-22" frameY="-3" frameWidth="80" frameHeight="72"/>
	<SubTexture name="shock10" x="148" y="75" width="50" height="36" rotated="true" frameX="-23" frameY="-4" frameWidth="80" frameHeight="72"/>
	<SubTexture name="shock11" x="148" y="75" width="50" height="36" rotated="true" frameX="-23" frameY="-4" frameWidth="80" frameHeight="72"/>
	<SubTexture name="shock12" x="148" y="75" width="50" height="36" rotated="true" frameX="-23" frameY="-4" frameWidth="80" frameHeight="72"/>
	<SubTexture name="shock13" x="76" y="126" width="37" height="51" frameX="-22" frameY="-4" frameWidth="80" frameHeight="72"/>
	<SubTexture name="shock14" x="76" y="126" width="37" height="51" frameX="-22" frameY="-4" frameWidth="80" frameHeight="72"/>
	<SubTexture name="shock15" x="0" y="107" width="37" height="53" frameX="-22" frameY="-3" frameWidth="80" frameHeight="72"/>
	<SubTexture name="shock16" x="0" y="107" width="37" height="53" frameX="-22" frameY="-3" frameWidth="80" frameHeight="72"/>
	<SubTexture name="shock17" x="0" y="107" width="37" height="53" frameX="-22" frameY="-3" frameWidth="80" frameHeight="72"/>
	<SubTexture name="shock18" x="0" y="107" width="37" height="53" frameX="-22" frameY="-3" frameWidth="80" frameHeight="72"/>
	<SubTexture name="shock2" x="143" y="38" width="53" height="37" rotated="true" frameX="-22" frameY="-3" frameWidth="80" frameHeight="72"/>
	<SubTexture name="shock3" x="113" y="147" width="47" height="36" rotated="true" frameX="-23" frameY="-5" frameWidth="80" frameHeight="72"/>
	<SubTexture name="shock4" x="113" y="147" width="47" height="36" rotated="true" frameX="-23" frameY="-5" frameWidth="80" frameHeight="72"/>
	<SubTexture name="shock5" x="148" y="111" width="50" height="36" rotated="true" frameX="-23" frameY="-4" frameWidth="80" frameHeight="72"/>
	<SubTexture name="shock6" x="148" y="111" width="50" height="36" rotated="true" frameX="-23" frameY="-4" frameWidth="80" frameHeight="72"/>
	<SubTexture name="shock7" x="148" y="75" width="50" height="36" rotated="true" frameX="-23" frameY="-4" frameWidth="80" frameHeight="72"/>
	<SubTexture name="shock8" x="148" y="75" width="50" height="36" rotated="true" frameX="-23" frameY="-4" frameWidth="80" frameHeight="72"/>
	<SubTexture name="shock9" x="148" y="75" width="50" height="36" rotated="true" frameX="-23" frameY="-4" frameWidth="80" frameHeight="72"/>
	<SubTexture name="sob1" x="111" y="75" width="37" height="51" frameX="-22" frameY="-5" frameWidth="80" frameHeight="72"/>
	<SubTexture name="sob2" x="111" y="75" width="37" height="51" frameX="-22" frameY="-5" frameWidth="80" frameHeight="72"/>
	<SubTexture name="sob3" x="111" y="75" width="37" height="51" frameX="-22" frameY="-5" frameWidth="80" frameHeight="72"/>
	<SubTexture name="sob4" x="111" y="75" width="37" height="51" frameX="-22" frameY="-5" frameWidth="80" frameHeight="72"/>
</TextureAtlas>