<?xml version="1.0" encoding="UTF-8"?>
<!--
Created with Funkin Packer v0.1.3 https://neeeoo.github.io/funkin-packer/
-->
<TextureAtlas imagePath="gf.png" width="228" height="210">
	<SubTexture name="bop left1" x="117" y="54" width="37" height="53" frameX="-22" frameY="-4" frameWidth="80" frameHeight="72"/>
	<SubTexture name="bop left10" x="118" y="0" width="37" height="53" frameX="-22" frameY="-3" frameWidth="80" frameHeight="72"/>
	<SubTexture name="bop left2" x="117" y="54" width="37" height="53" frameX="-22" frameY="-4" frameWidth="80" frameHeight="72"/>
	<SubTexture name="bop left3" x="192" y="0" width="36" height="52" frameX="-22" frameY="-5" frameWidth="80" frameHeight="72"/>
	<SubTexture name="bop left4" x="192" y="0" width="36" height="52" frameX="-22" frameY="-5" frameWidth="80" frameHeight="72"/>
	<SubTexture name="bop left5" x="191" y="105" width="37" height="51" frameX="-22" frameY="-5" frameWidth="80" frameHeight="72"/>
	<SubTexture name="bop left6" x="191" y="105" width="37" height="51" frameX="-22" frameY="-5" frameWidth="80" frameHeight="72"/>
	<SubTexture name="bop left7" x="191" y="53" width="37" height="52" frameX="-22" frameY="-4" frameWidth="80" frameHeight="72"/>
	<SubTexture name="bop left8" x="191" y="53" width="37" height="52" frameX="-22" frameY="-4" frameWidth="80" frameHeight="72"/>
	<SubTexture name="bop left9" x="118" y="0" width="37" height="53" frameX="-22" frameY="-3" frameWidth="80" frameHeight="72"/>
	<SubTexture name="bop right1" x="79" y="102" width="38" height="53" frameX="-22" frameY="-4" frameWidth="80" frameHeight="72"/>
	<SubTexture name="bop right10" x="118" y="0" width="37" height="53" frameX="-22" frameY="-3" frameWidth="80" frameHeight="72"/>
	<SubTexture name="bop right2" x="79" y="102" width="38" height="53" frameX="-22" frameY="-4" frameWidth="80" frameHeight="72"/>
	<SubTexture name="bop right3" x="40" y="102" width="39" height="53" frameX="-22" frameY="-4" frameWidth="80" frameHeight="72"/>
	<SubTexture name="bop right4" x="40" y="102" width="39" height="53" frameX="-22" frameY="-4" frameWidth="80" frameHeight="72"/>
	<SubTexture name="bop right5" x="41" y="155" width="39" height="52" frameX="-22" frameY="-4" frameWidth="80" frameHeight="72"/>
	<SubTexture name="bop right6" x="41" y="155" width="39" height="52" frameX="-22" frameY="-4" frameWidth="80" frameHeight="72"/>
	<SubTexture name="bop right7" x="154" y="53" width="37" height="53" frameX="-22" frameY="-3" frameWidth="80" frameHeight="72"/>
	<SubTexture name="bop right8" x="154" y="53" width="37" height="53" frameX="-22" frameY="-3" frameWidth="80" frameHeight="72"/>
	<SubTexture name="bop right9" x="118" y="0" width="37" height="53" frameX="-22" frameY="-3" frameWidth="80" frameHeight="72"/>
	<SubTexture name="cheer1" x="81" y="0" width="37" height="54" frameX="-23" frameY="-2" frameWidth="80" frameHeight="72"/>
	<SubTexture name="cheer10" x="80" y="155" width="38" height="53" frameX="-22" frameY="-3" frameWidth="80" frameHeight="72"/>
	<SubTexture name="cheer11" x="80" y="155" width="38" height="53" frameX="-22" frameY="-3" frameWidth="80" frameHeight="72"/>
	<SubTexture name="cheer12" x="80" y="155" width="38" height="53" frameX="-22" frameY="-3" frameWidth="80" frameHeight="72"/>
	<SubTexture name="cheer2" x="81" y="0" width="37" height="54" frameX="-23" frameY="-2" frameWidth="80" frameHeight="72"/>
	<SubTexture name="cheer3" x="80" y="155" width="38" height="53" frameX="-22" frameY="-3" frameWidth="80" frameHeight="72"/>
	<SubTexture name="cheer4" x="80" y="155" width="38" height="53" frameX="-22" frameY="-3" frameWidth="80" frameHeight="72"/>
	<SubTexture name="cheer5" x="80" y="155" width="38" height="53" frameX="-22" frameY="-3" frameWidth="80" frameHeight="72"/>
	<SubTexture name="cheer6" x="80" y="155" width="38" height="53" frameX="-22" frameY="-3" frameWidth="80" frameHeight="72"/>
	<SubTexture name="cheer7" x="80" y="155" width="38" height="53" frameX="-22" frameY="-3" frameWidth="80" frameHeight="72"/>
	<SubTexture name="cheer8" x="80" y="155" width="38" height="53" frameX="-22" frameY="-3" frameWidth="80" frameHeight="72"/>
	<SubTexture name="cheer9" x="80" y="155" width="38" height="53" frameX="-22" frameY="-3" frameWidth="80" frameHeight="72"/>
	<SubTexture name="one1" x="0" y="159" width="41" height="51" frameX="-18" frameY="-6" frameWidth="80" frameHeight="72"/>
	<SubTexture name="one10" x="0" y="0" width="40" height="53" frameX="-19" frameY="-3" frameWidth="80" frameHeight="72"/>
	<SubTexture name="one2" x="0" y="159" width="41" height="51" frameX="-18" frameY="-6" frameWidth="80" frameHeight="72"/>
	<SubTexture name="one3" x="0" y="0" width="40" height="53" frameX="-19" frameY="-3" frameWidth="80" frameHeight="72"/>
	<SubTexture name="one4" x="0" y="0" width="40" height="53" frameX="-19" frameY="-3" frameWidth="80" frameHeight="72"/>
	<SubTexture name="one5" x="0" y="0" width="40" height="53" frameX="-19" frameY="-3" frameWidth="80" frameHeight="72"/>
	<SubTexture name="one6" x="0" y="0" width="40" height="53" frameX="-19" frameY="-3" frameWidth="80" frameHeight="72"/>
	<SubTexture name="one7" x="0" y="0" width="40" height="53" frameX="-19" frameY="-3" frameWidth="80" frameHeight="72"/>
	<SubTexture name="one8" x="0" y="0" width="40" height="53" frameX="-19" frameY="-3" frameWidth="80" frameHeight="72"/>
	<SubTexture name="one9" x="0" y="0" width="40" height="53" frameX="-19" frameY="-3" frameWidth="80" frameHeight="72"/>
	<SubTexture name="shock1" x="155" y="0" width="37" height="53" frameX="-22" frameY="-3" frameWidth="80" frameHeight="72"/>
	<SubTexture name="shock10" x="118" y="107" width="36" height="50" frameX="-23" frameY="-4" frameWidth="80" frameHeight="72"/>
	<SubTexture name="shock11" x="118" y="107" width="36" height="50" frameX="-23" frameY="-4" frameWidth="80" frameHeight="72"/>
	<SubTexture name="shock12" x="118" y="107" width="36" height="50" frameX="-23" frameY="-4" frameWidth="80" frameHeight="72"/>
	<SubTexture name="shock13" x="154" y="106" width="37" height="51" frameX="-22" frameY="-4" frameWidth="80" frameHeight="72"/>
	<SubTexture name="shock14" x="154" y="106" width="37" height="51" frameX="-22" frameY="-4" frameWidth="80" frameHeight="72"/>
	<SubTexture name="shock15" x="118" y="0" width="37" height="53" frameX="-22" frameY="-3" frameWidth="80" frameHeight="72"/>
	<SubTexture name="shock16" x="118" y="0" width="37" height="53" frameX="-22" frameY="-3" frameWidth="80" frameHeight="72"/>
	<SubTexture name="shock17" x="118" y="0" width="37" height="53" frameX="-22" frameY="-3" frameWidth="80" frameHeight="72"/>
	<SubTexture name="shock18" x="118" y="0" width="37" height="53" frameX="-22" frameY="-3" frameWidth="80" frameHeight="72"/>
	<SubTexture name="shock2" x="155" y="0" width="37" height="53" frameX="-22" frameY="-3" frameWidth="80" frameHeight="72"/>
	<SubTexture name="shock3" x="81" y="54" width="36" height="47" frameX="-23" frameY="-5" frameWidth="80" frameHeight="72"/>
	<SubTexture name="shock4" x="81" y="54" width="36" height="47" frameX="-23" frameY="-5" frameWidth="80" frameHeight="72"/>
	<SubTexture name="shock5" x="118" y="157" width="36" height="50" frameX="-23" frameY="-4" frameWidth="80" frameHeight="72"/>
	<SubTexture name="shock6" x="118" y="157" width="36" height="50" frameX="-23" frameY="-4" frameWidth="80" frameHeight="72"/>
	<SubTexture name="shock7" x="118" y="107" width="36" height="50" frameX="-23" frameY="-4" frameWidth="80" frameHeight="72"/>
	<SubTexture name="shock8" x="118" y="107" width="36" height="50" frameX="-23" frameY="-4" frameWidth="80" frameHeight="72"/>
	<SubTexture name="shock9" x="118" y="107" width="36" height="50" frameX="-23" frameY="-4" frameWidth="80" frameHeight="72"/>
	<SubTexture name="sob1" x="191" y="156" width="37" height="51" frameX="-22" frameY="-5" frameWidth="80" frameHeight="72"/>
	<SubTexture name="sob2" x="191" y="156" width="37" height="51" frameX="-22" frameY="-5" frameWidth="80" frameHeight="72"/>
	<SubTexture name="sob3" x="191" y="156" width="37" height="51" frameX="-22" frameY="-5" frameWidth="80" frameHeight="72"/>
	<SubTexture name="sob4" x="191" y="156" width="37" height="51" frameX="-22" frameY="-5" frameWidth="80" frameHeight="72"/>
	<SubTexture name="sob5" x="191" y="156" width="37" height="51" frameX="-22" frameY="-5" frameWidth="80" frameHeight="72"/>
	<SubTexture name="sob6" x="191" y="156" width="37" height="51" frameX="-22" frameY="-5" frameWidth="80" frameHeight="72"/>
	<SubTexture name="sob7" x="191" y="156" width="37" height="51" frameX="-22" frameY="-5" frameWidth="80" frameHeight="72"/>
	<SubTexture name="sob8" x="191" y="156" width="37" height="51" frameX="-22" frameY="-5" frameWidth="80" frameHeight="72"/>
	<SubTexture name="three1" x="40" y="0" width="41" height="51" frameX="-18" frameY="-6" frameWidth="80" frameHeight="72"/>
	<SubTexture name="three10" x="0" y="53" width="40" height="53" frameX="-19" frameY="-3" frameWidth="80" frameHeight="72"/>
	<SubTexture name="three2" x="40" y="0" width="41" height="51" frameX="-18" frameY="-6" frameWidth="80" frameHeight="72"/>
	<SubTexture name="three3" x="0" y="53" width="40" height="53" frameX="-19" frameY="-3" frameWidth="80" frameHeight="72"/>
	<SubTexture name="three4" x="0" y="53" width="40" height="53" frameX="-19" frameY="-3" frameWidth="80" frameHeight="72"/>
	<SubTexture name="three5" x="0" y="53" width="40" height="53" frameX="-19" frameY="-3" frameWidth="80" frameHeight="72"/>
	<SubTexture name="three6" x="0" y="53" width="40" height="53" frameX="-19" frameY="-3" frameWidth="80" frameHeight="72"/>
	<SubTexture name="three7" x="0" y="53" width="40" height="53" frameX="-19" frameY="-3" frameWidth="80" frameHeight="72"/>
	<SubTexture name="three8" x="0" y="53" width="40" height="53" frameX="-19" frameY="-3" frameWidth="80" frameHeight="72"/>
	<SubTexture name="three9" x="0" y="53" width="40" height="53" frameX="-19" frameY="-3" frameWidth="80" frameHeight="72"/>
	<SubTexture name="two1" x="40" y="51" width="41" height="51" frameX="-18" frameY="-6" frameWidth="80" frameHeight="72"/>
	<SubTexture name="two10" x="0" y="106" width="40" height="53" frameX="-19" frameY="-3" frameWidth="80" frameHeight="72"/>
	<SubTexture name="two2" x="40" y="51" width="41" height="51" frameX="-18" frameY="-6" frameWidth="80" frameHeight="72"/>
	<SubTexture name="two3" x="0" y="106" width="40" height="53" frameX="-19" frameY="-3" frameWidth="80" frameHeight="72"/>
	<SubTexture name="two4" x="0" y="106" width="40" height="53" frameX="-19" frameY="-3" frameWidth="80" frameHeight="72"/>
	<SubTexture name="two5" x="0" y="106" width="40" height="53" frameX="-19" frameY="-3" frameWidth="80" frameHeight="72"/>
	<SubTexture name="two6" x="0" y="106" width="40" height="53" frameX="-19" frameY="-3" frameWidth="80" frameHeight="72"/>
	<SubTexture name="two7" x="0" y="106" width="40" height="53" frameX="-19" frameY="-3" frameWidth="80" frameHeight="72"/>
	<SubTexture name="two8" x="0" y="106" width="40" height="53" frameX="-19" frameY="-3" frameWidth="80" frameHeight="72"/>
	<SubTexture name="two9" x="0" y="106" width="40" height="53" frameX="-19" frameY="-3" frameWidth="80" frameHeight="72"/>
</TextureAtlas>