<?xml version="1.0" encoding="UTF-8"?>
<!--
Created with Funkin Packer v0.1.3 https://neeeoo.github.io/funkin-packer/
-->
<TextureAtlas imagePath="backButton.png" width="372" height="36">
	<SubTexture name="hold1" x="300" y="0" width="36" height="36" frameX="-0" frameY="-0" frameWidth="36" frameHeight="36"/>
	<SubTexture name="hover1" x="336" y="0" width="36" height="36" frameX="-0" frameY="-0" frameWidth="36" frameHeight="36"/>
	<SubTexture name="idle normal1" x="96" y="0" width="34" height="34" frameX="-1" frameY="-1" frameWidth="36" frameHeight="36"/>
	<SubTexture name="idle transparent1" x="130" y="0" width="34" height="34" frameX="-1" frameY="-1" frameWidth="36" frameHeight="36"/>
	<SubTexture name="spin1" x="0" y="0" width="32" height="32" frameX="-2" frameY="-2" frameWidth="36" frameHeight="36"/>
	<SubTexture name="spin10" x="164" y="0" width="34" height="34" frameX="-1" frameY="-1" frameWidth="36" frameHeight="36"/>
	<SubTexture name="spin11" x="96" y="0" width="34" height="34" frameX="-1" frameY="-1" frameWidth="36" frameHeight="36"/>
	<SubTexture name="spin12" x="96" y="0" width="34" height="34" frameX="-1" frameY="-1" frameWidth="36" frameHeight="36"/>
	<SubTexture name="spin13" x="96" y="0" width="34" height="34" frameX="-1" frameY="-1" frameWidth="36" frameHeight="36"/>
	<SubTexture name="spin14" x="96" y="0" width="34" height="34" frameX="-1" frameY="-1" frameWidth="36" frameHeight="36"/>
	<SubTexture name="spin2" x="0" y="0" width="32" height="32" frameX="-2" frameY="-2" frameWidth="36" frameHeight="36"/>
	<SubTexture name="spin3" x="32" y="0" width="32" height="32" frameX="-2" frameY="-2" frameWidth="36" frameHeight="36"/>
	<SubTexture name="spin4" x="64" y="0" width="32" height="32" frameX="-2" frameY="-2" frameWidth="36" frameHeight="36"/>
	<SubTexture name="spin5" x="198" y="0" width="34" height="34" frameX="-1" frameY="-1" frameWidth="36" frameHeight="36"/>
	<SubTexture name="spin6" x="232" y="0" width="34" height="34" frameX="-1" frameY="-1" frameWidth="36" frameHeight="36"/>
	<SubTexture name="spin7" x="266" y="0" width="34" height="34" frameX="-1" frameY="-1" frameWidth="36" frameHeight="36"/>
	<SubTexture name="spin8" x="266" y="0" width="34" height="34" frameX="-1" frameY="-1" frameWidth="36" frameHeight="36"/>
	<SubTexture name="spin9" x="164" y="0" width="34" height="34" frameX="-1" frameY="-1" frameWidth="36" frameHeight="36"/>
</TextureAtlas>