<?xml version="1.0" encoding="UTF-8"?>
<!--
Created with Funkin Packer v0.1.3 https://neeeoo.github.io/funkin-packer/
-->
<TextureAtlas imagePath="backButton.png" width="371" height="36">
	<SubTexture name="hold1" x="0" y="0" width="36" height="36" frameX="-0" frameY="-0" frameWidth="36" frameHeight="36"/>
	<SubTexture name="idle1" x="70" y="0" width="34" height="34" frameX="-1" frameY="-1" frameWidth="36" frameHeight="36"/>
	<SubTexture name="press1" x="307" y="0" width="32" height="32" frameX="-2" frameY="-2" frameWidth="36" frameHeight="36"/>
	<SubTexture name="press10" x="104" y="0" width="34" height="34" frameX="-1" frameY="-1" frameWidth="36" frameHeight="36"/>
	<SubTexture name="press11" x="138" y="0" width="34" height="34" frameX="-1" frameY="-1" frameWidth="36" frameHeight="36"/>
	<SubTexture name="press12" x="138" y="0" width="34" height="34" frameX="-1" frameY="-1" frameWidth="36" frameHeight="36"/>
	<SubTexture name="press13" x="138" y="0" width="34" height="34" frameX="-1" frameY="-1" frameWidth="36" frameHeight="36"/>
	<SubTexture name="press14" x="138" y="0" width="34" height="34" frameX="-1" frameY="-1" frameWidth="36" frameHeight="36"/>
	<SubTexture name="press2" x="307" y="0" width="32" height="32" frameX="-2" frameY="-2" frameWidth="36" frameHeight="36"/>
	<SubTexture name="press3" x="339" y="0" width="32" height="32" frameX="-2" frameY="-2" frameWidth="36" frameHeight="36"/>
	<SubTexture name="press4" x="274" y="0" width="33" height="32" frameX="-1" frameY="-2" frameWidth="36" frameHeight="36"/>
	<SubTexture name="press5" x="36" y="0" width="34" height="35" frameX="-1" frameY="-0" frameWidth="36" frameHeight="36"/>
	<SubTexture name="press6" x="172" y="0" width="34" height="34" frameX="-1" frameY="-1" frameWidth="36" frameHeight="36"/>
	<SubTexture name="press7" x="206" y="0" width="34" height="34" frameX="-1" frameY="-1" frameWidth="36" frameHeight="36"/>
	<SubTexture name="press8" x="240" y="0" width="34" height="34" frameX="-1" frameY="-1" frameWidth="36" frameHeight="36"/>
	<SubTexture name="press9" x="104" y="0" width="34" height="34" frameX="-1" frameY="-1" frameWidth="36" frameHeight="36"/>
</TextureAtlas>