<?xml version="1.0" encoding="UTF-8"?>
<!--
Created with Funkin Packer v0.1.3 https://neeeoo.github.io/funkin-packer/
-->
<TextureAtlas imagePath="backButton.png" width="170" height="70">
	<SubTexture name="back1" x="104" y="34" width="32" height="32" frameX="-2" frameY="-2" frameWidth="36" frameHeight="36"/>
	<SubTexture name="back10" x="36" y="0" width="34" height="34" frameX="-1" frameY="-1" frameWidth="36" frameHeight="36"/>
	<SubTexture name="back11" x="36" y="34" width="34" height="34" frameX="-1" frameY="-1" frameWidth="36" frameHeight="36"/>
	<SubTexture name="back12" x="36" y="34" width="34" height="34" frameX="-1" frameY="-1" frameWidth="36" frameHeight="36"/>
	<SubTexture name="back13" x="36" y="34" width="34" height="34" frameX="-1" frameY="-1" frameWidth="36" frameHeight="36"/>
	<SubTexture name="back14" x="36" y="34" width="34" height="34" frameX="-1" frameY="-1" frameWidth="36" frameHeight="36"/>
	<SubTexture name="back2" x="104" y="34" width="32" height="32" frameX="-2" frameY="-2" frameWidth="36" frameHeight="36"/>
	<SubTexture name="back3" x="138" y="0" width="32" height="32" frameX="-2" frameY="-2" frameWidth="36" frameHeight="36"/>
	<SubTexture name="back4" x="138" y="32" width="32" height="32" frameX="-2" frameY="-2" frameWidth="36" frameHeight="36"/>
	<SubTexture name="back5" x="0" y="36" width="34" height="34" frameX="-1" frameY="-1" frameWidth="36" frameHeight="36"/>
	<SubTexture name="back6" x="70" y="0" width="34" height="34" frameX="-1" frameY="-1" frameWidth="36" frameHeight="36"/>
	<SubTexture name="back7" x="70" y="34" width="34" height="34" frameX="-1" frameY="-1" frameWidth="36" frameHeight="36"/>
	<SubTexture name="back8" x="70" y="34" width="34" height="34" frameX="-1" frameY="-1" frameWidth="36" frameHeight="36"/>
	<SubTexture name="back9" x="36" y="0" width="34" height="34" frameX="-1" frameY="-1" frameWidth="36" frameHeight="36"/>
	<SubTexture name="hold1" x="0" y="0" width="36" height="36" frameX="-0" frameY="-0" frameWidth="36" frameHeight="36"/>
	<SubTexture name="idle normal1" x="36" y="34" width="34" height="34" frameX="-1" frameY="-1" frameWidth="36" frameHeight="36"/>
	<SubTexture name="idle transparent1" x="104" y="0" width="34" height="34" frameX="-1" frameY="-1" frameWidth="36" frameHeight="36"/>
</TextureAtlas>