<?xml version="1.0" encoding="UTF-8"?>
<!--
Created with Funkin Packer v0.1.3 https://neeeoo.github.io/funkin-packer/
-->
<TextureAtlas imagePath="ranks.png" width="453" height="403">
	<SubTexture name="a1" x="219" y="61" width="73" height="63" rotated="true" frameX="-18" frameY="-20" frameWidth="96" frameHeight="112"/>
	<SubTexture name="b1" x="294" y="0" width="74" height="62" rotated="true" frameX="-17" frameY="-19" frameWidth="96" frameHeight="112"/>
	<SubTexture name="c1" x="144" y="0" width="75" height="61" rotated="true" frameX="-17" frameY="-19" frameWidth="96" frameHeight="112"/>
	<SubTexture name="d1" x="219" y="0" width="75" height="61" rotated="true" frameX="-17" frameY="-19" frameWidth="96" frameHeight="112"/>
	<SubTexture name="e1" x="0" y="0" width="71" height="58" rotated="true" frameX="-19" frameY="-21" frameWidth="96" frameHeight="112"/>
	<SubTexture name="f1" x="71" y="0" width="73" height="58" rotated="true" frameX="-19" frameY="-20" frameWidth="96" frameHeight="112"/>
	<SubTexture name="p1" x="292" y="62" width="75" height="63" rotated="true" frameX="-16" frameY="-19" frameWidth="96" frameHeight="112"/>
	<SubTexture name="p10" x="367" y="62" width="75" height="63" rotated="true" frameX="-16" frameY="-19" frameWidth="96" frameHeight="112"/>
	<SubTexture name="p11" x="0" y="123" width="75" height="63" rotated="true" frameX="-16" frameY="-19" frameWidth="96" frameHeight="112"/>
	<SubTexture name="p12" x="75" y="123" width="75" height="63" rotated="true" frameX="-16" frameY="-19" frameWidth="96" frameHeight="112"/>
	<SubTexture name="p13" x="150" y="124" width="76" height="63" rotated="true" frameX="-16" frameY="-18" frameWidth="96" frameHeight="112"/>
	<SubTexture name="p14" x="226" y="125" width="77" height="63" rotated="true" frameX="-16" frameY="-17" frameWidth="96" frameHeight="112"/>
	<SubTexture name="p15" x="303" y="125" width="75" height="63" rotated="true" frameX="-16" frameY="-19" frameWidth="96" frameHeight="112"/>
	<SubTexture name="p16" x="76" y="250" width="79" height="66" rotated="true" frameX="-13" frameY="-15" frameWidth="96" frameHeight="112"/>
	<SubTexture name="p17" x="237" y="251" width="85" height="72" rotated="true" frameX="-7" frameY="-9" frameWidth="96" frameHeight="112"/>
	<SubTexture name="p18" x="87" y="321" width="89" height="76" rotated="true" frameX="-3" frameY="-5" frameWidth="96" frameHeight="112"/>
	<SubTexture name="p19" x="264" y="325" width="90" height="77" rotated="true" frameX="-2" frameY="-4" frameWidth="96" frameHeight="112"/>
	<SubTexture name="p2" x="378" y="125" width="75" height="63" rotated="true" frameX="-16" frameY="-19" frameWidth="96" frameHeight="112"/>
	<SubTexture name="p20" x="354" y="325" width="91" height="78" rotated="true" frameX="-1" frameY="-3" frameWidth="96" frameHeight="112"/>
	<SubTexture name="p21" x="0" y="186" width="75" height="63" rotated="true" frameX="-16" frameY="-19" frameWidth="96" frameHeight="112"/>
	<SubTexture name="p3" x="75" y="186" width="75" height="63" rotated="true" frameX="-16" frameY="-19" frameWidth="96" frameHeight="112"/>
	<SubTexture name="p4" x="150" y="187" width="75" height="63" rotated="true" frameX="-16" frameY="-19" frameWidth="96" frameHeight="112"/>
	<SubTexture name="p5" x="0" y="186" width="75" height="63" rotated="true" frameX="-16" frameY="-19" frameWidth="96" frameHeight="112"/>
	<SubTexture name="p6" x="0" y="186" width="75" height="63" rotated="true" frameX="-16" frameY="-19" frameWidth="96" frameHeight="112"/>
	<SubTexture name="p7" x="225" y="188" width="75" height="63" rotated="true" frameX="-16" frameY="-19" frameWidth="96" frameHeight="112"/>
	<SubTexture name="p8" x="300" y="188" width="75" height="63" rotated="true" frameX="-16" frameY="-19" frameWidth="96" frameHeight="112"/>
	<SubTexture name="p9" x="375" y="188" width="75" height="63" rotated="true" frameX="-16" frameY="-19" frameWidth="96" frameHeight="112"/>
	<SubTexture name="s1" x="368" y="0" width="73" height="62" rotated="true" frameX="-17" frameY="-20" frameWidth="96" frameHeight="112"/>
	<SubTexture name="s2" x="0" y="58" width="73" height="62" rotated="true" frameX="-17" frameY="-20" frameWidth="96" frameHeight="112"/>
	<SubTexture name="s3" x="73" y="61" width="73" height="62" rotated="true" frameX="-17" frameY="-20" frameWidth="96" frameHeight="112"/>
	<SubTexture name="s4" x="146" y="61" width="73" height="62" rotated="true" frameX="-17" frameY="-20" frameWidth="96" frameHeight="112"/>
	<SubTexture name="s5" x="0" y="249" width="76" height="64" rotated="true" frameX="-15" frameY="-17" frameWidth="96" frameHeight="112"/>
	<SubTexture name="s6" x="155" y="251" width="82" height="70" rotated="true" frameX="-9" frameY="-11" frameWidth="96" frameHeight="112"/>
	<SubTexture name="s7" x="322" y="251" width="86" height="74" rotated="true" frameX="-5" frameY="-7" frameWidth="96" frameHeight="112"/>
	<SubTexture name="s8" x="0" y="316" width="87" height="75" rotated="true" frameX="-4" frameY="-6" frameWidth="96" frameHeight="112"/>
	<SubTexture name="s9" x="176" y="323" width="88" height="76" rotated="true" frameX="-3" frameY="-5" frameWidth="96" frameHeight="112"/>
</TextureAtlas>