<?xml version="1.0" encoding="UTF-8"?>
<!--
Created with Funkin Packer v0.1.3 https://neeeoo.github.io/funkin-packer/
-->
<TextureAtlas imagePath="partner-gf.png" width="374" height="53">
	<SubTexture name="dance1" x="186" y="0" width="37" height="53" frameX="-22" frameY="-4" frameWidth="80" frameHeight="72"/>
	<SubTexture name="dance10" x="223" y="0" width="37" height="53" frameX="-22" frameY="-3" frameWidth="80" frameHeight="72"/>
	<SubTexture name="dance2" x="74" y="0" width="36" height="52" frameX="-22" frameY="-5" frameWidth="80" frameHeight="72"/>
	<SubTexture name="dance3" x="0" y="0" width="37" height="51" frameX="-22" frameY="-5" frameWidth="80" frameHeight="72"/>
	<SubTexture name="dance4" x="110" y="0" width="37" height="52" frameX="-22" frameY="-4" frameWidth="80" frameHeight="72"/>
	<SubTexture name="dance5" x="223" y="0" width="37" height="53" frameX="-22" frameY="-3" frameWidth="80" frameHeight="72"/>
	<SubTexture name="dance6" x="260" y="0" width="38" height="53" frameX="-22" frameY="-4" frameWidth="80" frameHeight="72"/>
	<SubTexture name="dance7" x="298" y="0" width="39" height="53" frameX="-22" frameY="-4" frameWidth="80" frameHeight="72"/>
	<SubTexture name="dance8" x="147" y="0" width="39" height="52" frameX="-22" frameY="-4" frameWidth="80" frameHeight="72"/>
	<SubTexture name="dance9" x="337" y="0" width="37" height="53" frameX="-22" frameY="-3" frameWidth="80" frameHeight="72"/>
	<SubTexture name="sob" x="37" y="0" width="37" height="51" frameX="-22" frameY="-5" frameWidth="80" frameHeight="72"/>
</TextureAtlas>