<?xml version="1.0" encoding="UTF-8"?>
<!--
Created with Funkin Packer v0.1.3 https://neeeoo.github.io/funkin-packer/
-->
<TextureAtlas imagePath="bf-impixel.png" width="228" height="120">
	<SubTexture name="bf down note1" x="0" y="84" width="39" height="34" frameX="-0" frameY="-1" frameWidth="39" frameHeight="35"/>
	<SubTexture name="bf down note2" x="115" y="40" width="35" height="39" rotated="true" frameX="-0" frameY="-0" frameWidth="39" frameHeight="35"/>
	<SubTexture name="bf down note3" x="115" y="40" width="35" height="39" rotated="true" frameX="-0" frameY="-0" frameWidth="39" frameHeight="35"/>
	<SubTexture name="bf idle1" x="118" y="79" width="36" height="39" rotated="true" frameX="-0" frameY="-2" frameWidth="42" frameHeight="38"/>
	<SubTexture name="bf idle10" x="77" y="0" width="38" height="40" rotated="true" frameX="-2" frameY="-0" frameWidth="42" frameHeight="38"/>
	<SubTexture name="bf idle11" x="77" y="0" width="38" height="40" rotated="true" frameX="-2" frameY="-0" frameWidth="42" frameHeight="38"/>
	<SubTexture name="bf idle12" x="77" y="0" width="38" height="40" rotated="true" frameX="-2" frameY="-0" frameWidth="42" frameHeight="38"/>
	<SubTexture name="bf idle13" x="77" y="0" width="38" height="40" rotated="true" frameX="-2" frameY="-0" frameWidth="42" frameHeight="38"/>
	<SubTexture name="bf idle14" x="77" y="0" width="38" height="40" rotated="true" frameX="-2" frameY="-0" frameWidth="42" frameHeight="38"/>
	<SubTexture name="bf idle2" x="150" y="40" width="36" height="39" rotated="true" frameX="-0" frameY="-2" frameWidth="42" frameHeight="38"/>
	<SubTexture name="bf idle3" x="150" y="40" width="36" height="39" rotated="true" frameX="-0" frameY="-2" frameWidth="42" frameHeight="38"/>
	<SubTexture name="bf idle4" x="192" y="78" width="36" height="38" rotated="true" frameX="-2" frameY="-2" frameWidth="42" frameHeight="38"/>
	<SubTexture name="bf idle5" x="192" y="78" width="36" height="38" rotated="true" frameX="-2" frameY="-2" frameWidth="42" frameHeight="38"/>
	<SubTexture name="bf idle6" x="77" y="40" width="38" height="40" rotated="true" frameX="-2" frameY="-0" frameWidth="42" frameHeight="38"/>
	<SubTexture name="bf idle7" x="77" y="40" width="38" height="40" rotated="true" frameX="-2" frameY="-0" frameWidth="42" frameHeight="38"/>
	<SubTexture name="bf idle8" x="80" y="80" width="38" height="40" rotated="true" frameX="-2" frameY="-0" frameWidth="42" frameHeight="38"/>
	<SubTexture name="bf idle9" x="80" y="80" width="38" height="40" rotated="true" frameX="-2" frameY="-0" frameWidth="42" frameHeight="38"/>
	<SubTexture name="bf left miss1" x="39" y="0" width="38" height="41" rotated="true" frameX="-0" frameY="-0" frameWidth="41" frameHeight="38"/>
	<SubTexture name="bf left miss2" x="154" y="0" width="34" height="39" rotated="true" frameX="-0" frameY="-0" frameWidth="39" frameHeight="34"/>
	<SubTexture name="bf left miss3" x="0" y="0" width="39" height="42" frameX="-0" frameY="-0" frameWidth="39" frameHeight="42"/>
	<SubTexture name="bf left miss4" x="154" y="79" width="38" height="39" rotated="true" frameX="-0" frameY="-0" frameWidth="39" frameHeight="38"/>
	<SubTexture name="bf left note1" x="39" y="41" width="38" height="41" rotated="true" frameX="-0" frameY="-0" frameWidth="42" frameHeight="38"/>
	<SubTexture name="bf left note2" x="39" y="82" width="41" height="38" frameX="-1" frameY="-0" frameWidth="42" frameHeight="38"/>
	<SubTexture name="bf left note3" x="39" y="82" width="41" height="38" frameX="-1" frameY="-0" frameWidth="42" frameHeight="38"/>
	<SubTexture name="bf right note1" x="186" y="39" width="38" height="39" rotated="true" frameX="-1" frameY="-0" frameWidth="40" frameHeight="38"/>
	<SubTexture name="bf right note2" x="188" y="0" width="38" height="39" rotated="true" frameX="-0" frameY="-0" frameWidth="40" frameHeight="38"/>
	<SubTexture name="bf right note3" x="188" y="0" width="38" height="39" rotated="true" frameX="-0" frameY="-0" frameWidth="40" frameHeight="38"/>
	<SubTexture name="bf up note1" x="0" y="42" width="39" height="42" frameX="-0" frameY="-0" frameWidth="39" frameHeight="42"/>
	<SubTexture name="bf up note2" x="115" y="0" width="39" height="40" frameX="-0" frameY="-2" frameWidth="39" frameHeight="42"/>
	<SubTexture name="bf up note3" x="115" y="0" width="39" height="40" frameX="-0" frameY="-2" frameWidth="39" frameHeight="42"/>
</TextureAtlas>