<?xml version="1.0" encoding="UTF-8"?>
<!--
Created with Funkin Packer v0.1.3 https://neeeoo.github.io/funkin-packer/
-->
<TextureAtlas imagePath="bf.png" width="251" height="188">
	<SubTexture name="idle1" x="151" y="36" width="44" height="37" frameX="-4" frameY="-11" frameWidth="64" frameHeight="56"/>
	<SubTexture name="idle10" x="0" y="70" width="43" height="38" frameX="-9" frameY="-10" frameWidth="64" frameHeight="56"/>
	<SubTexture name="idle11" x="0" y="70" width="43" height="38" frameX="-9" frameY="-10" frameWidth="64" frameHeight="56"/>
	<SubTexture name="idle12" x="0" y="70" width="43" height="38" frameX="-9" frameY="-10" frameWidth="64" frameHeight="56"/>
	<SubTexture name="idle13" x="0" y="70" width="43" height="38" frameX="-9" frameY="-10" frameWidth="64" frameHeight="56"/>
	<SubTexture name="idle14" x="0" y="70" width="43" height="38" frameX="-9" frameY="-10" frameWidth="64" frameHeight="56"/>
	<SubTexture name="idle2" x="151" y="36" width="44" height="37" frameX="-4" frameY="-11" frameWidth="64" frameHeight="56"/>
	<SubTexture name="idle3" x="195" y="36" width="45" height="37" frameX="-4" frameY="-11" frameWidth="64" frameHeight="56"/>
	<SubTexture name="idle4" x="195" y="36" width="45" height="37" frameX="-4" frameY="-11" frameWidth="64" frameHeight="56"/>
	<SubTexture name="idle5" x="43" y="71" width="43" height="38" frameX="-8" frameY="-10" frameWidth="64" frameHeight="56"/>
	<SubTexture name="idle6" x="43" y="71" width="43" height="38" frameX="-8" frameY="-10" frameWidth="64" frameHeight="56"/>
	<SubTexture name="idle7" x="86" y="72" width="43" height="38" frameX="-9" frameY="-10" frameWidth="64" frameHeight="56"/>
	<SubTexture name="idle8" x="86" y="72" width="43" height="38" frameX="-9" frameY="-10" frameWidth="64" frameHeight="56"/>
	<SubTexture name="idle9" x="0" y="70" width="43" height="38" frameX="-9" frameY="-10" frameWidth="64" frameHeight="56"/>
	<SubTexture name="miss down1" x="0" y="0" width="38" height="33" frameX="-9" frameY="-15" frameWidth="64" frameHeight="56"/>
	<SubTexture name="miss down2" x="38" y="0" width="38" height="33" frameX="-9" frameY="-15" frameWidth="64" frameHeight="56"/>
	<SubTexture name="miss down3" x="38" y="0" width="38" height="33" frameX="-9" frameY="-15" frameWidth="64" frameHeight="56"/>
	<SubTexture name="miss down4" x="38" y="0" width="38" height="33" frameX="-9" frameY="-15" frameWidth="64" frameHeight="56"/>
	<SubTexture name="miss left1" x="129" y="73" width="42" height="38" frameX="-4" frameY="-10" frameWidth="64" frameHeight="56"/>
	<SubTexture name="miss left2" x="171" y="73" width="42" height="38" frameX="-4" frameY="-10" frameWidth="64" frameHeight="56"/>
	<SubTexture name="miss left3" x="171" y="73" width="42" height="38" frameX="-4" frameY="-10" frameWidth="64" frameHeight="56"/>
	<SubTexture name="miss left4" x="171" y="73" width="42" height="38" frameX="-4" frameY="-10" frameWidth="64" frameHeight="56"/>
	<SubTexture name="miss right1" x="39" y="33" width="37" height="37" frameX="-16" frameY="-11" frameWidth="64" frameHeight="56"/>
	<SubTexture name="miss right2" x="76" y="34" width="37" height="37" frameX="-16" frameY="-11" frameWidth="64" frameHeight="56"/>
	<SubTexture name="miss right3" x="76" y="34" width="37" height="37" frameX="-16" frameY="-11" frameWidth="64" frameHeight="56"/>
	<SubTexture name="miss right4" x="76" y="34" width="37" height="37" frameX="-16" frameY="-11" frameWidth="64" frameHeight="56"/>
	<SubTexture name="miss up1" x="0" y="146" width="42" height="40" rotated="true" frameX="-12" frameY="-6" frameWidth="64" frameHeight="56"/>
	<SubTexture name="miss up2" x="42" y="147" width="42" height="40" rotated="true" frameX="-12" frameY="-6" frameWidth="64" frameHeight="56"/>
	<SubTexture name="miss up3" x="42" y="147" width="42" height="40" rotated="true" frameX="-12" frameY="-6" frameWidth="64" frameHeight="56"/>
	<SubTexture name="miss up4" x="42" y="147" width="42" height="40" rotated="true" frameX="-12" frameY="-6" frameWidth="64" frameHeight="56"/>
	<SubTexture name="note down1" x="0" y="0" width="38" height="33" frameX="-9" frameY="-15" frameWidth="64" frameHeight="56"/>
	<SubTexture name="note down2" x="0" y="0" width="38" height="33" frameX="-9" frameY="-15" frameWidth="64" frameHeight="56"/>
	<SubTexture name="note down3" x="76" y="0" width="38" height="34" frameX="-9" frameY="-14" frameWidth="64" frameHeight="56"/>
	<SubTexture name="note down4" x="76" y="0" width="38" height="34" frameX="-9" frameY="-14" frameWidth="64" frameHeight="56"/>
	<SubTexture name="note left1" x="0" y="108" width="42" height="38" frameX="-4" frameY="-10" frameWidth="64" frameHeight="56"/>
	<SubTexture name="note left2" x="0" y="108" width="42" height="38" frameX="-4" frameY="-10" frameWidth="64" frameHeight="56"/>
	<SubTexture name="note left3" x="42" y="109" width="42" height="38" frameX="-5" frameY="-10" frameWidth="64" frameHeight="56"/>
	<SubTexture name="note left4" x="42" y="109" width="42" height="38" frameX="-5" frameY="-10" frameWidth="64" frameHeight="56"/>
	<SubTexture name="note right1" x="113" y="35" width="38" height="37" frameX="-16" frameY="-11" frameWidth="64" frameHeight="56"/>
	<SubTexture name="note right2" x="113" y="35" width="38" height="37" frameX="-16" frameY="-11" frameWidth="64" frameHeight="56"/>
	<SubTexture name="note right3" x="39" y="33" width="37" height="37" frameX="-16" frameY="-11" frameWidth="64" frameHeight="56"/>
	<SubTexture name="note right4" x="39" y="33" width="37" height="37" frameX="-16" frameY="-11" frameWidth="64" frameHeight="56"/>
	<SubTexture name="note up1" x="0" y="146" width="42" height="40" rotated="true" frameX="-12" frameY="-6" frameWidth="64" frameHeight="56"/>
	<SubTexture name="note up2" x="0" y="146" width="42" height="40" rotated="true" frameX="-12" frameY="-6" frameWidth="64" frameHeight="56"/>
	<SubTexture name="note up3" x="84" y="148" width="41" height="40" rotated="true" frameX="-12" frameY="-7" frameWidth="64" frameHeight="56"/>
	<SubTexture name="note up4" x="84" y="148" width="41" height="40" rotated="true" frameX="-12" frameY="-7" frameWidth="64" frameHeight="56"/>
	<SubTexture name="shock camera1" x="84" y="110" width="43" height="38" frameX="-9" frameY="-10" frameWidth="64" frameHeight="56"/>
	<SubTexture name="shock camera10" x="153" y="0" width="39" height="36" frameX="-12" frameY="-12" frameWidth="64" frameHeight="56"/>
	<SubTexture name="shock camera11" x="153" y="0" width="39" height="36" frameX="-12" frameY="-12" frameWidth="64" frameHeight="56"/>
	<SubTexture name="shock camera12" x="153" y="0" width="39" height="36" frameX="-12" frameY="-12" frameWidth="64" frameHeight="56"/>
	<SubTexture name="shock camera13" x="192" y="0" width="39" height="36" frameX="-12" frameY="-12" frameWidth="64" frameHeight="56"/>
	<SubTexture name="shock camera14" x="0" y="33" width="39" height="36" frameX="-12" frameY="-12" frameWidth="64" frameHeight="56"/>
	<SubTexture name="shock camera15" x="0" y="33" width="39" height="36" frameX="-12" frameY="-12" frameWidth="64" frameHeight="56"/>
	<SubTexture name="shock camera16" x="0" y="33" width="39" height="36" frameX="-12" frameY="-12" frameWidth="64" frameHeight="56"/>
	<SubTexture name="shock camera17" x="0" y="33" width="39" height="36" frameX="-12" frameY="-12" frameWidth="64" frameHeight="56"/>
	<SubTexture name="shock camera18" x="0" y="33" width="39" height="36" frameX="-12" frameY="-12" frameWidth="64" frameHeight="56"/>
	<SubTexture name="shock camera19" x="0" y="33" width="39" height="36" frameX="-12" frameY="-12" frameWidth="64" frameHeight="56"/>
	<SubTexture name="shock camera2" x="84" y="110" width="43" height="38" frameX="-9" frameY="-10" frameWidth="64" frameHeight="56"/>
	<SubTexture name="shock camera20" x="0" y="33" width="39" height="36" frameX="-12" frameY="-12" frameWidth="64" frameHeight="56"/>
	<SubTexture name="shock camera21" x="0" y="33" width="39" height="36" frameX="-12" frameY="-12" frameWidth="64" frameHeight="56"/>
	<SubTexture name="shock camera22" x="0" y="33" width="39" height="36" frameX="-12" frameY="-12" frameWidth="64" frameHeight="56"/>
	<SubTexture name="shock camera23" x="0" y="33" width="39" height="36" frameX="-12" frameY="-12" frameWidth="64" frameHeight="56"/>
	<SubTexture name="shock camera24" x="0" y="33" width="39" height="36" frameX="-12" frameY="-12" frameWidth="64" frameHeight="56"/>
	<SubTexture name="shock camera25" x="0" y="33" width="39" height="36" frameX="-12" frameY="-12" frameWidth="64" frameHeight="56"/>
	<SubTexture name="shock camera26" x="213" y="73" width="38" height="41" rotated="true" frameX="-11" frameY="-10" frameWidth="64" frameHeight="56"/>
	<SubTexture name="shock camera27" x="213" y="73" width="38" height="41" rotated="true" frameX="-11" frameY="-10" frameWidth="64" frameHeight="56"/>
	<SubTexture name="shock camera28" x="127" y="111" width="43" height="38" frameX="-9" frameY="-10" frameWidth="64" frameHeight="56"/>
	<SubTexture name="shock camera29" x="127" y="111" width="43" height="38" frameX="-9" frameY="-10" frameWidth="64" frameHeight="56"/>
	<SubTexture name="shock camera3" x="114" y="0" width="39" height="35" frameX="-12" frameY="-13" frameWidth="64" frameHeight="56"/>
	<SubTexture name="shock camera30" x="170" y="111" width="43" height="38" frameX="-9" frameY="-10" frameWidth="64" frameHeight="56"/>
	<SubTexture name="shock camera31" x="170" y="111" width="43" height="38" frameX="-9" frameY="-10" frameWidth="64" frameHeight="56"/>
	<SubTexture name="shock camera32" x="170" y="111" width="43" height="38" frameX="-9" frameY="-10" frameWidth="64" frameHeight="56"/>
	<SubTexture name="shock camera33" x="170" y="111" width="43" height="38" frameX="-9" frameY="-10" frameWidth="64" frameHeight="56"/>
	<SubTexture name="shock camera4" x="114" y="0" width="39" height="35" frameX="-12" frameY="-13" frameWidth="64" frameHeight="56"/>
	<SubTexture name="shock camera5" x="153" y="0" width="39" height="36" frameX="-12" frameY="-12" frameWidth="64" frameHeight="56"/>
	<SubTexture name="shock camera6" x="153" y="0" width="39" height="36" frameX="-12" frameY="-12" frameWidth="64" frameHeight="56"/>
	<SubTexture name="shock camera7" x="153" y="0" width="39" height="36" frameX="-12" frameY="-12" frameWidth="64" frameHeight="56"/>
	<SubTexture name="shock camera8" x="153" y="0" width="39" height="36" frameX="-12" frameY="-12" frameWidth="64" frameHeight="56"/>
	<SubTexture name="shock camera9" x="153" y="0" width="39" height="36" frameX="-12" frameY="-12" frameWidth="64" frameHeight="56"/>
	<SubTexture name="shock front1" x="84" y="110" width="43" height="38" frameX="-9" frameY="-10" frameWidth="64" frameHeight="56"/>
	<SubTexture name="shock front10" x="213" y="114" width="38" height="45" rotated="true" frameX="-8" frameY="-10" frameWidth="64" frameHeight="56"/>
	<SubTexture name="shock front11" x="213" y="114" width="38" height="45" rotated="true" frameX="-8" frameY="-10" frameWidth="64" frameHeight="56"/>
	<SubTexture name="shock front12" x="213" y="114" width="38" height="45" rotated="true" frameX="-8" frameY="-10" frameWidth="64" frameHeight="56"/>
	<SubTexture name="shock front13" x="213" y="114" width="38" height="45" rotated="true" frameX="-8" frameY="-10" frameWidth="64" frameHeight="56"/>
	<SubTexture name="shock front14" x="213" y="114" width="38" height="45" rotated="true" frameX="-8" frameY="-10" frameWidth="64" frameHeight="56"/>
	<SubTexture name="shock front15" x="213" y="114" width="38" height="45" rotated="true" frameX="-8" frameY="-10" frameWidth="64" frameHeight="56"/>
	<SubTexture name="shock front16" x="213" y="114" width="38" height="45" rotated="true" frameX="-8" frameY="-10" frameWidth="64" frameHeight="56"/>
	<SubTexture name="shock front17" x="213" y="114" width="38" height="45" rotated="true" frameX="-8" frameY="-10" frameWidth="64" frameHeight="56"/>
	<SubTexture name="shock front18" x="213" y="114" width="38" height="45" rotated="true" frameX="-8" frameY="-10" frameWidth="64" frameHeight="56"/>
	<SubTexture name="shock front2" x="84" y="110" width="43" height="38" frameX="-9" frameY="-10" frameWidth="64" frameHeight="56"/>
	<SubTexture name="shock front3" x="153" y="0" width="39" height="36" frameX="-12" frameY="-12" frameWidth="64" frameHeight="56"/>
	<SubTexture name="shock front4" x="153" y="0" width="39" height="36" frameX="-12" frameY="-12" frameWidth="64" frameHeight="56"/>
	<SubTexture name="shock front5" x="125" y="149" width="47" height="39" frameX="-8" frameY="-9" frameWidth="64" frameHeight="56"/>
	<SubTexture name="shock front6" x="125" y="149" width="47" height="39" frameX="-8" frameY="-9" frameWidth="64" frameHeight="56"/>
	<SubTexture name="shock front7" x="213" y="114" width="38" height="45" rotated="true" frameX="-8" frameY="-10" frameWidth="64" frameHeight="56"/>
	<SubTexture name="shock front8" x="213" y="114" width="38" height="45" rotated="true" frameX="-8" frameY="-10" frameWidth="64" frameHeight="56"/>
	<SubTexture name="shock front9" x="213" y="114" width="38" height="45" rotated="true" frameX="-8" frameY="-10" frameWidth="64" frameHeight="56"/>
</TextureAtlas>