<?xml version="1.0" encoding="UTF-8"?>
<!--
Created with Funkin Packer v0.1.3 https://neeeoo.github.io/funkin-packer/
-->
<TextureAtlas imagePath="buttons.png" width="64" height="32">
	<SubTexture name="add1" x="0" y="0" width="16" height="17" frameX="-0" frameY="-0" frameWidth="16" frameHeight="17"/>
	<SubTexture name="add2" x="0" y="17" width="16" height="15" frameX="-0" frameY="-2" frameWidth="16" frameHeight="17"/>
	<SubTexture name="left1" x="16" y="0" width="16" height="17" frameX="-0" frameY="-0" frameWidth="16" frameHeight="17"/>
	<SubTexture name="left2" x="16" y="17" width="16" height="15" frameX="-0" frameY="-2" frameWidth="16" frameHeight="17"/>
	<SubTexture name="right1" x="32" y="0" width="16" height="17" frameX="-0" frameY="-0" frameWidth="16" frameHeight="17"/>
	<SubTexture name="right2" x="32" y="17" width="16" height="15" frameX="-0" frameY="-2" frameWidth="16" frameHeight="17"/>
	<SubTexture name="subtract1" x="48" y="0" width="16" height="17" frameX="-0" frameY="-0" frameWidth="16" frameHeight="17"/>
	<SubTexture name="subtract2" x="48" y="17" width="16" height="15" frameX="-0" frameY="-2" frameWidth="16" frameHeight="17"/>
</TextureAtlas>