<?xml version="1.0" encoding="UTF-8"?>
<!--
Created with Funkin Packer v0.1.3 https://neeeoo.github.io/funkin-packer/
-->
<TextureAtlas imagePath="gf-lightsOut.png" width="151" height="159">
	<SubTexture name="bop left1" x="38" y="105" width="37" height="53" frameX="-22" frameY="-4" frameWidth="80" frameHeight="72"/>
	<SubTexture name="bop left10" x="0" y="106" width="37" height="53" frameX="-22" frameY="-3" frameWidth="80" frameHeight="72"/>
	<SubTexture name="bop left2" x="38" y="105" width="37" height="53" frameX="-22" frameY="-4" frameWidth="80" frameHeight="72"/>
	<SubTexture name="bop left3" x="115" y="0" width="36" height="52" frameX="-22" frameY="-5" frameWidth="80" frameHeight="72"/>
	<SubTexture name="bop left4" x="115" y="0" width="36" height="52" frameX="-22" frameY="-5" frameWidth="80" frameHeight="72"/>
	<SubTexture name="bop left5" x="112" y="106" width="37" height="51" frameX="-22" frameY="-5" frameWidth="80" frameHeight="72"/>
	<SubTexture name="bop left6" x="112" y="106" width="37" height="51" frameX="-22" frameY="-5" frameWidth="80" frameHeight="72"/>
	<SubTexture name="bop left7" x="78" y="0" width="37" height="52" frameX="-22" frameY="-4" frameWidth="80" frameHeight="72"/>
	<SubTexture name="bop left8" x="78" y="0" width="37" height="52" frameX="-22" frameY="-4" frameWidth="80" frameHeight="72"/>
	<SubTexture name="bop left9" x="0" y="106" width="37" height="53" frameX="-22" frameY="-3" frameWidth="80" frameHeight="72"/>
	<SubTexture name="bop right1" x="39" y="52" width="38" height="53" frameX="-22" frameY="-4" frameWidth="80" frameHeight="72"/>
	<SubTexture name="bop right10" x="0" y="106" width="37" height="53" frameX="-22" frameY="-3" frameWidth="80" frameHeight="72"/>
	<SubTexture name="bop right2" x="39" y="52" width="38" height="53" frameX="-22" frameY="-4" frameWidth="80" frameHeight="72"/>
	<SubTexture name="bop right3" x="0" y="0" width="39" height="53" frameX="-22" frameY="-4" frameWidth="80" frameHeight="72"/>
	<SubTexture name="bop right4" x="0" y="0" width="39" height="53" frameX="-22" frameY="-4" frameWidth="80" frameHeight="72"/>
	<SubTexture name="bop right5" x="39" y="0" width="39" height="52" frameX="-22" frameY="-4" frameWidth="80" frameHeight="72"/>
	<SubTexture name="bop right6" x="39" y="0" width="39" height="52" frameX="-22" frameY="-4" frameWidth="80" frameHeight="72"/>
	<SubTexture name="bop right7" x="75" y="106" width="37" height="53" frameX="-22" frameY="-3" frameWidth="80" frameHeight="72"/>
	<SubTexture name="bop right8" x="75" y="106" width="37" height="53" frameX="-22" frameY="-3" frameWidth="80" frameHeight="72"/>
	<SubTexture name="bop right9" x="0" y="106" width="37" height="53" frameX="-22" frameY="-3" frameWidth="80" frameHeight="72"/>
	<SubTexture name="cheer1" x="77" y="52" width="37" height="54" frameX="-23" frameY="-2" frameWidth="80" frameHeight="72"/>
	<SubTexture name="cheer10" x="0" y="53" width="38" height="53" frameX="-22" frameY="-3" frameWidth="80" frameHeight="72"/>
	<SubTexture name="cheer11" x="0" y="53" width="38" height="53" frameX="-22" frameY="-3" frameWidth="80" frameHeight="72"/>
	<SubTexture name="cheer12" x="0" y="53" width="38" height="53" frameX="-22" frameY="-3" frameWidth="80" frameHeight="72"/>
	<SubTexture name="cheer2" x="77" y="52" width="37" height="54" frameX="-23" frameY="-2" frameWidth="80" frameHeight="72"/>
	<SubTexture name="cheer3" x="0" y="53" width="38" height="53" frameX="-22" frameY="-3" frameWidth="80" frameHeight="72"/>
	<SubTexture name="cheer4" x="0" y="53" width="38" height="53" frameX="-22" frameY="-3" frameWidth="80" frameHeight="72"/>
	<SubTexture name="cheer5" x="0" y="53" width="38" height="53" frameX="-22" frameY="-3" frameWidth="80" frameHeight="72"/>
	<SubTexture name="cheer6" x="0" y="53" width="38" height="53" frameX="-22" frameY="-3" frameWidth="80" frameHeight="72"/>
	<SubTexture name="cheer7" x="0" y="53" width="38" height="53" frameX="-22" frameY="-3" frameWidth="80" frameHeight="72"/>
	<SubTexture name="cheer8" x="0" y="53" width="38" height="53" frameX="-22" frameY="-3" frameWidth="80" frameHeight="72"/>
	<SubTexture name="cheer9" x="0" y="53" width="38" height="53" frameX="-22" frameY="-3" frameWidth="80" frameHeight="72"/>
	<SubTexture name="sob1" x="114" y="52" width="37" height="51" frameX="-22" frameY="-5" frameWidth="80" frameHeight="72"/>
	<SubTexture name="sob2" x="114" y="52" width="37" height="51" frameX="-22" frameY="-5" frameWidth="80" frameHeight="72"/>
	<SubTexture name="sob3" x="114" y="52" width="37" height="51" frameX="-22" frameY="-5" frameWidth="80" frameHeight="72"/>
	<SubTexture name="sob4" x="114" y="52" width="37" height="51" frameX="-22" frameY="-5" frameWidth="80" frameHeight="72"/>
	<SubTexture name="sob5" x="114" y="52" width="37" height="51" frameX="-22" frameY="-5" frameWidth="80" frameHeight="72"/>
	<SubTexture name="sob6" x="114" y="52" width="37" height="51" frameX="-22" frameY="-5" frameWidth="80" frameHeight="72"/>
	<SubTexture name="sob7" x="114" y="52" width="37" height="51" frameX="-22" frameY="-5" frameWidth="80" frameHeight="72"/>
	<SubTexture name="sob8" x="114" y="52" width="37" height="51" frameX="-22" frameY="-5" frameWidth="80" frameHeight="72"/>
</TextureAtlas>