<?xml version="1.0" encoding="UTF-8"?>
<!--
Created with Funkin Packer v0.1.3 https://neeeoo.github.io/funkin-packer/
-->
<TextureAtlas imagePath="red-impostor.png" width="599" height="580">
	<SubTexture name="idle1" x="554" y="0" width="45" height="91" rotated="true" frameX="-68" frameY="-78" frameWidth="254" frameHeight="160"/>
	<SubTexture name="idle10" x="554" y="488" width="44" height="89" rotated="true" frameX="-69" frameY="-77" frameWidth="254" frameHeight="160"/>
	<SubTexture name="idle11" x="554" y="488" width="44" height="89" rotated="true" frameX="-69" frameY="-77" frameWidth="254" frameHeight="160"/>
	<SubTexture name="idle12" x="554" y="488" width="44" height="89" rotated="true" frameX="-69" frameY="-77" frameWidth="254" frameHeight="160"/>
	<SubTexture name="idle13" x="554" y="488" width="44" height="89" rotated="true" frameX="-69" frameY="-77" frameWidth="254" frameHeight="160"/>
	<SubTexture name="idle14" x="554" y="488" width="44" height="89" rotated="true" frameX="-69" frameY="-77" frameWidth="254" frameHeight="160"/>
	<SubTexture name="idle2" x="554" y="0" width="45" height="91" rotated="true" frameX="-68" frameY="-78" frameWidth="254" frameHeight="160"/>
	<SubTexture name="idle3" x="554" y="91" width="45" height="91" rotated="true" frameX="-68" frameY="-78" frameWidth="254" frameHeight="160"/>
	<SubTexture name="idle4" x="554" y="91" width="45" height="91" rotated="true" frameX="-68" frameY="-78" frameWidth="254" frameHeight="160"/>
	<SubTexture name="idle5" x="554" y="182" width="45" height="91" rotated="true" frameX="-68" frameY="-77" frameWidth="254" frameHeight="160"/>
	<SubTexture name="idle6" x="554" y="182" width="45" height="91" rotated="true" frameX="-68" frameY="-77" frameWidth="254" frameHeight="160"/>
	<SubTexture name="idle7" x="554" y="488" width="44" height="89" rotated="true" frameX="-69" frameY="-77" frameWidth="254" frameHeight="160"/>
	<SubTexture name="idle8" x="554" y="488" width="44" height="89" rotated="true" frameX="-69" frameY="-77" frameWidth="254" frameHeight="160"/>
	<SubTexture name="idle9" x="554" y="488" width="44" height="89" rotated="true" frameX="-69" frameY="-77" frameWidth="254" frameHeight="160"/>
	<SubTexture name="note down1" x="483" y="185" width="61" height="41" frameX="-88" frameY="-76" frameWidth="254" frameHeight="160"/>
	<SubTexture name="note down2" x="483" y="185" width="61" height="41" frameX="-88" frameY="-76" frameWidth="254" frameHeight="160"/>
	<SubTexture name="note down3" x="405" y="68" width="41" height="61" rotated="true" frameX="-88" frameY="-75" frameWidth="254" frameHeight="160"/>
	<SubTexture name="note down4" x="405" y="68" width="41" height="61" rotated="true" frameX="-88" frameY="-75" frameWidth="254" frameHeight="160"/>
	<SubTexture name="note left1" x="469" y="379" width="35" height="73" rotated="true" frameX="-76" frameY="-77" frameWidth="254" frameHeight="160"/>
	<SubTexture name="note left2" x="469" y="379" width="35" height="73" rotated="true" frameX="-76" frameY="-77" frameWidth="254" frameHeight="160"/>
	<SubTexture name="note left3" x="448" y="81" width="36" height="72" rotated="true" frameX="-78" frameY="-77" frameWidth="254" frameHeight="160"/>
	<SubTexture name="note left4" x="448" y="81" width="36" height="72" rotated="true" frameX="-78" frameY="-77" frameWidth="254" frameHeight="160"/>
	<SubTexture name="note right1" x="351" y="0" width="43" height="72" rotated="true" frameX="-85" frameY="-69" frameWidth="254" frameHeight="160"/>
	<SubTexture name="note right2" x="351" y="0" width="43" height="72" rotated="true" frameX="-85" frameY="-69" frameWidth="254" frameHeight="160"/>
	<SubTexture name="note right3" x="364" y="72" width="41" height="72" rotated="true" frameX="-84" frameY="-71" frameWidth="254" frameHeight="160"/>
	<SubTexture name="note right4" x="364" y="72" width="41" height="72" rotated="true" frameX="-84" frameY="-71" frameWidth="254" frameHeight="160"/>
	<SubTexture name="note up1" x="157" y="86" width="74" height="61" frameX="-75" frameY="-66" frameWidth="254" frameHeight="160"/>
	<SubTexture name="note up2" x="157" y="86" width="74" height="61" frameX="-75" frameY="-66" frameWidth="254" frameHeight="160"/>
	<SubTexture name="note up3" x="311" y="521" width="77" height="59" frameX="-73" frameY="-67" frameWidth="254" frameHeight="160"/>
	<SubTexture name="note up4" x="311" y="521" width="77" height="59" frameX="-73" frameY="-67" frameWidth="254" frameHeight="160"/>
	<SubTexture name="preshoot camera1" x="448" y="0" width="38" height="81" rotated="true" frameX="-76" frameY="-77" frameWidth="254" frameHeight="160"/>
	<SubTexture name="preshoot camera2" x="231" y="78" width="35" height="75" rotated="true" frameX="-82" frameY="-77" frameWidth="254" frameHeight="160"/>
	<SubTexture name="preshoot camera3" x="334" y="273" width="35" height="71" rotated="true" frameX="-85" frameY="-77" frameWidth="254" frameHeight="160"/>
	<SubTexture name="preshoot camera4" x="484" y="100" width="69" height="35" frameX="-87" frameY="-77" frameWidth="254" frameHeight="160"/>
	<SubTexture name="preshoot camera5" x="484" y="100" width="69" height="35" frameX="-87" frameY="-77" frameWidth="254" frameHeight="160"/>
	<SubTexture name="preshoot camera6" x="484" y="100" width="69" height="35" frameX="-87" frameY="-77" frameWidth="254" frameHeight="160"/>
	<SubTexture name="preshoot camera7" x="484" y="100" width="69" height="35" frameX="-87" frameY="-77" frameWidth="254" frameHeight="160"/>
	<SubTexture name="preshoot front1" x="0" y="522" width="77" height="56" frameX="-75" frameY="-74" frameWidth="254" frameHeight="160"/>
	<SubTexture name="preshoot front2" x="77" y="522" width="65" height="56" frameX="-92" frameY="-73" frameWidth="254" frameHeight="160"/>
	<SubTexture name="preshoot front3" x="228" y="475" width="82" height="46" frameX="-100" frameY="-73" frameWidth="254" frameHeight="160"/>
	<SubTexture name="preshoot front4" x="240" y="153" width="82" height="39" frameX="-100" frameY="-73" frameWidth="254" frameHeight="160"/>
	<SubTexture name="preshoot front5" x="157" y="153" width="83" height="39" frameX="-100" frameY="-73" frameWidth="254" frameHeight="160"/>
	<SubTexture name="preshoot front6" x="157" y="153" width="83" height="39" frameX="-100" frameY="-73" frameWidth="254" frameHeight="160"/>
	<SubTexture name="preshoot front7" x="157" y="153" width="83" height="39" frameX="-100" frameY="-73" frameWidth="254" frameHeight="160"/>
	<SubTexture name="preshoot front8" x="157" y="153" width="83" height="39" frameX="-100" frameY="-73" frameWidth="254" frameHeight="160"/>
	<SubTexture name="sabotage1" x="554" y="488" width="44" height="89" rotated="true" frameX="-69" frameY="-77" frameWidth="254" frameHeight="160"/>
	<SubTexture name="sabotage10" x="486" y="0" width="68" height="50" frameX="-71" frameY="-77" frameWidth="254" frameHeight="160"/>
	<SubTexture name="sabotage11" x="486" y="50" width="68" height="50" frameX="-71" frameY="-77" frameWidth="254" frameHeight="160"/>
	<SubTexture name="sabotage12" x="486" y="50" width="68" height="50" frameX="-71" frameY="-77" frameWidth="254" frameHeight="160"/>
	<SubTexture name="sabotage13" x="486" y="0" width="68" height="50" frameX="-71" frameY="-77" frameWidth="254" frameHeight="160"/>
	<SubTexture name="sabotage14" x="486" y="0" width="68" height="50" frameX="-71" frameY="-77" frameWidth="254" frameHeight="160"/>
	<SubTexture name="sabotage15" x="484" y="135" width="68" height="50" frameX="-71" frameY="-77" frameWidth="254" frameHeight="160"/>
	<SubTexture name="sabotage16" x="369" y="273" width="50" height="70" rotated="true" frameX="-71" frameY="-77" frameWidth="254" frameHeight="160"/>
	<SubTexture name="sabotage17" x="251" y="0" width="50" height="77" rotated="true" frameX="-71" frameY="-77" frameWidth="254" frameHeight="160"/>
	<SubTexture name="sabotage18" x="227" y="522" width="84" height="50" frameX="-71" frameY="-77" frameWidth="254" frameHeight="160"/>
	<SubTexture name="sabotage19" x="142" y="522" width="85" height="50" frameX="-71" frameY="-77" frameWidth="254" frameHeight="160"/>
	<SubTexture name="sabotage2" x="157" y="0" width="44" height="86" rotated="true" frameX="-69" frameY="-77" frameWidth="254" frameHeight="160"/>
	<SubTexture name="sabotage20" x="472" y="521" width="82" height="50" frameX="-71" frameY="-77" frameWidth="254" frameHeight="160"/>
	<SubTexture name="sabotage21" x="285" y="192" width="50" height="79" rotated="true" frameX="-71" frameY="-77" frameWidth="254" frameHeight="160"/>
	<SubTexture name="sabotage22" x="301" y="0" width="50" height="77" rotated="true" frameX="-71" frameY="-77" frameWidth="254" frameHeight="160"/>
	<SubTexture name="sabotage23" x="335" y="197" width="50" height="76" rotated="true" frameX="-71" frameY="-77" frameWidth="254" frameHeight="160"/>
	<SubTexture name="sabotage24" x="335" y="197" width="50" height="76" rotated="true" frameX="-71" frameY="-77" frameWidth="254" frameHeight="160"/>
	<SubTexture name="sabotage25" x="335" y="197" width="50" height="76" rotated="true" frameX="-71" frameY="-77" frameWidth="254" frameHeight="160"/>
	<SubTexture name="sabotage26" x="335" y="197" width="50" height="76" rotated="true" frameX="-71" frameY="-77" frameWidth="254" frameHeight="160"/>
	<SubTexture name="sabotage27" x="266" y="77" width="50" height="76" rotated="true" frameX="-71" frameY="-77" frameWidth="254" frameHeight="160"/>
	<SubTexture name="sabotage28" x="266" y="77" width="50" height="76" rotated="true" frameX="-71" frameY="-77" frameWidth="254" frameHeight="160"/>
	<SubTexture name="sabotage29" x="335" y="197" width="50" height="76" rotated="true" frameX="-71" frameY="-77" frameWidth="254" frameHeight="160"/>
	<SubTexture name="sabotage3" x="310" y="475" width="82" height="46" frameX="-69" frameY="-77" frameWidth="254" frameHeight="160"/>
	<SubTexture name="sabotage30" x="335" y="197" width="50" height="76" rotated="true" frameX="-71" frameY="-77" frameWidth="254" frameHeight="160"/>
	<SubTexture name="sabotage31" x="335" y="197" width="50" height="76" rotated="true" frameX="-71" frameY="-77" frameWidth="254" frameHeight="160"/>
	<SubTexture name="sabotage32" x="335" y="197" width="50" height="76" rotated="true" frameX="-71" frameY="-77" frameWidth="254" frameHeight="160"/>
	<SubTexture name="sabotage33" x="201" y="0" width="50" height="78" rotated="true" frameX="-71" frameY="-77" frameWidth="254" frameHeight="160"/>
	<SubTexture name="sabotage34" x="472" y="229" width="82" height="50" frameX="-71" frameY="-77" frameWidth="254" frameHeight="160"/>
	<SubTexture name="sabotage35" x="388" y="521" width="84" height="50" frameX="-71" frameY="-77" frameWidth="254" frameHeight="160"/>
	<SubTexture name="sabotage36" x="469" y="279" width="82" height="50" frameX="-71" frameY="-77" frameWidth="254" frameHeight="160"/>
	<SubTexture name="sabotage37" x="469" y="329" width="79" height="50" frameX="-71" frameY="-77" frameWidth="254" frameHeight="160"/>
	<SubTexture name="sabotage38" x="486" y="452" width="50" height="69" rotated="true" frameX="-71" frameY="-77" frameWidth="254" frameHeight="160"/>
	<SubTexture name="sabotage39" x="419" y="273" width="50" height="68" rotated="true" frameX="-71" frameY="-77" frameWidth="254" frameHeight="160"/>
	<SubTexture name="sabotage4" x="316" y="77" width="48" height="76" rotated="true" frameX="-70" frameY="-77" frameWidth="254" frameHeight="160"/>
	<SubTexture name="sabotage40" x="419" y="273" width="50" height="68" rotated="true" frameX="-71" frameY="-77" frameWidth="254" frameHeight="160"/>
	<SubTexture name="sabotage41" x="504" y="379" width="49" height="68" rotated="true" frameX="-71" frameY="-77" frameWidth="254" frameHeight="160"/>
	<SubTexture name="sabotage42" x="159" y="475" width="69" height="47" frameX="-70" frameY="-77" frameWidth="254" frameHeight="160"/>
	<SubTexture name="sabotage43" x="554" y="350" width="45" height="70" rotated="true" frameX="-69" frameY="-77" frameWidth="254" frameHeight="160"/>
	<SubTexture name="sabotage44" x="554" y="273" width="45" height="77" rotated="true" frameX="-69" frameY="-77" frameWidth="254" frameHeight="160"/>
	<SubTexture name="sabotage45" x="335" y="153" width="84" height="44" frameX="-69" frameY="-77" frameWidth="254" frameHeight="160"/>
	<SubTexture name="sabotage46" x="385" y="229" width="87" height="44" frameX="-69" frameY="-77" frameWidth="254" frameHeight="160"/>
	<SubTexture name="sabotage47" x="554" y="488" width="44" height="89" rotated="true" frameX="-69" frameY="-77" frameWidth="254" frameHeight="160"/>
	<SubTexture name="sabotage48" x="554" y="488" width="44" height="89" rotated="true" frameX="-69" frameY="-77" frameWidth="254" frameHeight="160"/>
	<SubTexture name="sabotage5" x="285" y="273" width="49" height="71" rotated="true" frameX="-71" frameY="-77" frameWidth="254" frameHeight="160"/>
	<SubTexture name="sabotage6" x="394" y="0" width="49" height="68" rotated="true" frameX="-71" frameY="-77" frameWidth="254" frameHeight="160"/>
	<SubTexture name="sabotage7" x="486" y="50" width="68" height="50" frameX="-71" frameY="-77" frameWidth="254" frameHeight="160"/>
	<SubTexture name="sabotage8" x="486" y="50" width="68" height="50" frameX="-71" frameY="-77" frameWidth="254" frameHeight="160"/>
	<SubTexture name="sabotage9" x="486" y="0" width="68" height="50" frameX="-71" frameY="-77" frameWidth="254" frameHeight="160"/>
	<SubTexture name="shoot camera1" x="392" y="452" width="94" height="69" frameX="-62" frameY="-54" frameWidth="254" frameHeight="160"/>
	<SubTexture name="shoot camera2" x="392" y="452" width="94" height="69" frameX="-62" frameY="-54" frameWidth="254" frameHeight="160"/>
	<SubTexture name="shoot camera3" x="159" y="344" width="113" height="131" rotated="true" frameX="-28" frameY="-28" frameWidth="254" frameHeight="160"/>
	<SubTexture name="shoot camera4" x="0" y="192" width="141" height="170" rotated="true" frameX="-9" frameY="-13" frameWidth="254" frameHeight="160"/>
	<SubTexture name="shoot camera5" x="0" y="0" width="157" height="192" rotated="true" frameX="-0" frameY="-3" frameWidth="254" frameHeight="160"/>
	<SubTexture name="shoot camera6" x="419" y="153" width="64" height="76" frameX="-92" frameY="-36" frameWidth="254" frameHeight="160"/>
	<SubTexture name="shoot camera7" x="419" y="153" width="64" height="76" frameX="-92" frameY="-36" frameWidth="254" frameHeight="160"/>
	<SubTexture name="shoot camera8" x="419" y="153" width="64" height="76" frameX="-92" frameY="-36" frameWidth="254" frameHeight="160"/>
	<SubTexture name="shoot camera9" x="419" y="153" width="64" height="76" frameX="-92" frameY="-36" frameWidth="254" frameHeight="160"/>
	<SubTexture name="shoot front1" x="381" y="343" width="67" height="109" rotated="true" frameX="-100" frameY="-45" frameWidth="254" frameHeight="160"/>
	<SubTexture name="shoot front2" x="381" y="343" width="67" height="109" rotated="true" frameX="-100" frameY="-45" frameWidth="254" frameHeight="160"/>
	<SubTexture name="shoot front3" x="272" y="344" width="109" height="126" rotated="true" frameX="-100" frameY="-23" frameWidth="254" frameHeight="160"/>
	<SubTexture name="shoot front4" x="141" y="192" width="144" height="152" rotated="true" frameX="-95" frameY="-6" frameWidth="254" frameHeight="160"/>
	<SubTexture name="shoot front5" x="0" y="362" width="159" height="160" rotated="true" frameX="-94" frameY="-0" frameWidth="254" frameHeight="160"/>
	<SubTexture name="shoot front6" x="554" y="420" width="45" height="68" frameX="-95" frameY="-44" frameWidth="254" frameHeight="160"/>
	<SubTexture name="shoot front7" x="554" y="420" width="45" height="68" frameX="-95" frameY="-44" frameWidth="254" frameHeight="160"/>
	<SubTexture name="shoot front8" x="554" y="420" width="45" height="68" frameX="-95" frameY="-44" frameWidth="254" frameHeight="160"/>
	<SubTexture name="shoot front9" x="554" y="420" width="45" height="68" frameX="-95" frameY="-44" frameWidth="254" frameHeight="160"/>
</TextureAtlas>