<?xml version="1.0" encoding="UTF-8"?>
<!--
Created with Funkin Packer v0.1.3 https://neeeoo.github.io/funkin-packer/
-->
<TextureAtlas imagePath="speakers.png" width="144" height="66">
	<SubTexture name="bop1" x="0" y="0" width="74" height="33" frameX="-0" frameY="-0" frameWidth="74" frameHeight="33"/>
	<SubTexture name="bop10" x="72" y="33" width="70" height="33" frameX="-2" frameY="-0" frameWidth="74" frameHeight="33"/>
	<SubTexture name="bop2" x="0" y="0" width="74" height="33" frameX="-0" frameY="-0" frameWidth="74" frameHeight="33"/>
	<SubTexture name="bop3" x="0" y="0" width="74" height="33" frameX="-0" frameY="-0" frameWidth="74" frameHeight="33"/>
	<SubTexture name="bop4" x="0" y="0" width="74" height="33" frameX="-0" frameY="-0" frameWidth="74" frameHeight="33"/>
	<SubTexture name="bop5" x="0" y="33" width="72" height="33" frameX="-1" frameY="-0" frameWidth="74" frameHeight="33"/>
	<SubTexture name="bop6" x="0" y="33" width="72" height="33" frameX="-1" frameY="-0" frameWidth="74" frameHeight="33"/>
	<SubTexture name="bop7" x="72" y="33" width="70" height="33" frameX="-2" frameY="-0" frameWidth="74" frameHeight="33"/>
	<SubTexture name="bop8" x="72" y="33" width="70" height="33" frameX="-2" frameY="-0" frameWidth="74" frameHeight="33"/>
	<SubTexture name="bop9" x="72" y="33" width="70" height="33" frameX="-2" frameY="-0" frameWidth="74" frameHeight="33"/>
	<SubTexture name="flash1" x="74" y="0" width="70" height="33" frameX="-2" frameY="-0" frameWidth="74" frameHeight="33"/>
	<SubTexture name="flash2" x="74" y="0" width="70" height="33" frameX="-2" frameY="-0" frameWidth="74" frameHeight="33"/>
</TextureAtlas>