<?xml version="1.0" encoding="UTF-8"?>
<!--
Created with Funkin Packer v0.1.3 https://neeeoo.github.io/funkin-packer/
-->
<TextureAtlas imagePath="abotViz.png" width="53" height="52">
	<SubTexture name="abot viz 1 1" x="23" y="0" width="5" height="19" frameX="-26" frameY="-12" frameWidth="90" frameHeight="40"/>
	<SubTexture name="abot viz 1 2" x="33" y="17" width="5" height="16" frameX="-26" frameY="-15" frameWidth="90" frameHeight="40"/>
	<SubTexture name="abot viz 1 3" x="0" y="39" width="13" height="5" rotated="true" frameX="-26" frameY="-18" frameWidth="90" frameHeight="40"/>
	<SubTexture name="abot viz 1 4" x="23" y="36" width="9" height="5" rotated="true" frameX="-26" frameY="-22" frameWidth="90" frameHeight="40"/>
	<SubTexture name="abot viz 1 5" x="19" y="26" width="4" height="5" frameX="-27" frameY="-26" frameWidth="90" frameHeight="40"/>
	<SubTexture name="abot viz 1 6" x="20" y="20" width="3" height="2" frameX="-28" frameY="-29" frameWidth="90" frameHeight="40"/>
	<SubTexture name="abot viz 2 1" x="18" y="0" width="5" height="20" frameX="-30" frameY="-11" frameWidth="90" frameHeight="40"/>
	<SubTexture name="abot viz 2 2" x="23" y="19" width="5" height="17" frameX="-30" frameY="-14" frameWidth="90" frameHeight="40"/>
	<SubTexture name="abot viz 2 3" x="43" y="0" width="5" height="13" frameX="-30" frameY="-18" frameWidth="90" frameHeight="40"/>
	<SubTexture name="abot viz 2 4" x="23" y="41" width="9" height="5" rotated="true" frameX="-30" frameY="-22" frameWidth="90" frameHeight="40"/>
	<SubTexture name="abot viz 2 5" x="19" y="26" width="4" height="5" frameX="-31" frameY="-26" frameWidth="90" frameHeight="40"/>
	<SubTexture name="abot viz 2 6" x="20" y="20" width="3" height="2" frameX="-32" frameY="-29" frameWidth="90" frameHeight="40"/>
	<SubTexture name="abot viz 3 1" x="0" y="0" width="5" height="21" frameX="-35" frameY="-10" frameWidth="90" frameHeight="40"/>
	<SubTexture name="abot viz 3 2" x="28" y="0" width="5" height="18" frameX="-35" frameY="-13" frameWidth="90" frameHeight="40"/>
	<SubTexture name="abot viz 3 3" x="38" y="16" width="5" height="14" frameX="-35" frameY="-17" frameWidth="90" frameHeight="40"/>
	<SubTexture name="abot viz 3 4" x="13" y="39" width="5" height="9" frameX="-35" frameY="-22" frameWidth="90" frameHeight="40"/>
	<SubTexture name="abot viz 3 5" x="45" y="47" width="5" height="5" frameX="-35" frameY="-26" frameWidth="90" frameHeight="40"/>
	<SubTexture name="abot viz 3 6" x="18" y="45" width="4" height="2" frameX="-36" frameY="-29" frameWidth="90" frameHeight="40"/>
	<SubTexture name="abot viz 4 1" x="5" y="0" width="8" height="21" frameX="-41" frameY="-10" frameWidth="90" frameHeight="40"/>
	<SubTexture name="abot viz 4 2" x="0" y="31" width="18" height="8" rotated="true" frameX="-41" frameY="-13" frameWidth="90" frameHeight="40"/>
	<SubTexture name="abot viz 4 3" x="33" y="33" width="8" height="14" frameX="-41" frameY="-17" frameWidth="90" frameHeight="40"/>
	<SubTexture name="abot viz 4 4" x="0" y="44" width="9" height="8" rotated="true" frameX="-41" frameY="-22" frameWidth="90" frameHeight="40"/>
	<SubTexture name="abot viz 4 5" x="41" y="39" width="5" height="8" rotated="true" frameX="-41" frameY="-26" frameWidth="90" frameHeight="40"/>
	<SubTexture name="abot viz 4 6" x="46" y="39" width="2" height="6" rotated="true" frameX="-42" frameY="-29" frameWidth="90" frameHeight="40"/>
	<SubTexture name="abot viz 5 1" x="13" y="0" width="5" height="21" frameX="-50" frameY="-10" frameWidth="90" frameHeight="40"/>
	<SubTexture name="abot viz 5 2" x="28" y="18" width="5" height="18" frameX="-50" frameY="-13" frameWidth="90" frameHeight="40"/>
	<SubTexture name="abot viz 5 3" x="18" y="31" width="5" height="14" frameX="-50" frameY="-17" frameWidth="90" frameHeight="40"/>
	<SubTexture name="abot viz 5 4" x="18" y="47" width="9" height="5" rotated="true" frameX="-50" frameY="-22" frameWidth="90" frameHeight="40"/>
	<SubTexture name="abot viz 5 5" x="48" y="0" width="5" height="5" frameX="-50" frameY="-26" frameWidth="90" frameHeight="40"/>
	<SubTexture name="abot viz 5 6" x="41" y="30" width="2" height="4" rotated="true" frameX="-50" frameY="-29" frameWidth="90" frameHeight="40"/>
	<SubTexture name="abot viz 6 1" x="0" y="21" width="20" height="5" rotated="true" frameX="-55" frameY="-11" frameWidth="90" frameHeight="40"/>
	<SubTexture name="abot viz 6 2" x="33" y="0" width="5" height="17" frameX="-55" frameY="-14" frameWidth="90" frameHeight="40"/>
	<SubTexture name="abot viz 6 3" x="43" y="13" width="5" height="13" frameX="-55" frameY="-18" frameWidth="90" frameHeight="40"/>
	<SubTexture name="abot viz 6 4" x="27" y="47" width="9" height="5" rotated="true" frameX="-55" frameY="-22" frameWidth="90" frameHeight="40"/>
	<SubTexture name="abot viz 6 5" x="9" y="44" width="4" height="5" frameX="-55" frameY="-26" frameWidth="90" frameHeight="40"/>
	<SubTexture name="abot viz 6 6" x="46" y="45" width="3" height="2" frameX="-55" frameY="-29" frameWidth="90" frameHeight="40"/>
	<SubTexture name="abot viz 7 1" x="0" y="26" width="19" height="5" rotated="true" frameX="-59" frameY="-12" frameWidth="90" frameHeight="40"/>
	<SubTexture name="abot viz 7 2" x="38" y="0" width="5" height="16" frameX="-59" frameY="-15" frameWidth="90" frameHeight="40"/>
	<SubTexture name="abot viz 7 3" x="43" y="26" width="5" height="13" frameX="-59" frameY="-18" frameWidth="90" frameHeight="40"/>
	<SubTexture name="abot viz 7 4" x="36" y="47" width="9" height="5" rotated="true" frameX="-59" frameY="-22" frameWidth="90" frameHeight="40"/>
	<SubTexture name="abot viz 7 5" x="9" y="44" width="4" height="5" frameX="-59" frameY="-26" frameWidth="90" frameHeight="40"/>
	<SubTexture name="abot viz 7 6" x="46" y="45" width="3" height="2" frameX="-59" frameY="-29" frameWidth="90" frameHeight="40"/>
</TextureAtlas>