<?xml version="1.0" encoding="UTF-8"?>
<!--
Created with Funkin Packer v0.1.3 https://neeeoo.github.io/funkin-packer/
-->
<TextureAtlas imagePath="speakers-lightsOut.png" width="74" height="99">
	<SubTexture name="speakers-lightsOut1" x="0" y="0" width="74" height="33" frameX="-0" frameY="-0" frameWidth="74" frameHeight="33"/>
	<SubTexture name="speakers-lightsOut10" x="0" y="66" width="70" height="33" frameX="-2" frameY="-0" frameWidth="74" frameHeight="33"/>
	<SubTexture name="speakers-lightsOut2" x="0" y="0" width="74" height="33" frameX="-0" frameY="-0" frameWidth="74" frameHeight="33"/>
	<SubTexture name="speakers-lightsOut3" x="0" y="0" width="74" height="33" frameX="-0" frameY="-0" frameWidth="74" frameHeight="33"/>
	<SubTexture name="speakers-lightsOut4" x="0" y="0" width="74" height="33" frameX="-0" frameY="-0" frameWidth="74" frameHeight="33"/>
	<SubTexture name="speakers-lightsOut5" x="0" y="33" width="72" height="33" frameX="-1" frameY="-0" frameWidth="74" frameHeight="33"/>
	<SubTexture name="speakers-lightsOut6" x="0" y="33" width="72" height="33" frameX="-1" frameY="-0" frameWidth="74" frameHeight="33"/>
	<SubTexture name="speakers-lightsOut7" x="0" y="66" width="70" height="33" frameX="-2" frameY="-0" frameWidth="74" frameHeight="33"/>
	<SubTexture name="speakers-lightsOut8" x="0" y="66" width="70" height="33" frameX="-2" frameY="-0" frameWidth="74" frameHeight="33"/>
	<SubTexture name="speakers-lightsOut9" x="0" y="66" width="70" height="33" frameX="-2" frameY="-0" frameWidth="74" frameHeight="33"/>
</TextureAtlas>