<?xml version="1.0" encoding="UTF-8"?>
<!--
Created with Funkin Packer v0.1.3 https://neeeoo.github.io/funkin-packer/
-->
<TextureAtlas imagePath="strums.png" width="168" height="79">
	<SubTexture name="strum hit down1" x="0" y="0" width="29" height="30" frameX="-1" frameY="-2" frameWidth="31" frameHeight="32"/>
	<SubTexture name="strum hit down2" x="0" y="0" width="29" height="30" frameX="-1" frameY="-2" frameWidth="31" frameHeight="32"/>
	<SubTexture name="strum hit down3" x="59" y="0" width="27" height="27" frameX="-2" frameY="-3" frameWidth="31" frameHeight="32"/>
	<SubTexture name="strum hit down4" x="38" y="58" width="21" height="21" frameX="-5" frameY="-6" frameWidth="31" frameHeight="32"/>
	<SubTexture name="strum hit left1" x="29" y="0" width="30" height="29" frameX="-0" frameY="-2" frameWidth="31" frameHeight="32"/>
	<SubTexture name="strum hit left2" x="29" y="0" width="30" height="29" frameX="-0" frameY="-2" frameWidth="31" frameHeight="32"/>
	<SubTexture name="strum hit left3" x="59" y="27" width="27" height="27" frameX="-2" frameY="-3" frameWidth="31" frameHeight="32"/>
	<SubTexture name="strum hit left4" x="59" y="58" width="21" height="21" frameX="-5" frameY="-6" frameWidth="31" frameHeight="32"/>
	<SubTexture name="strum hit right1" x="29" y="29" width="30" height="29" frameX="-1" frameY="-2" frameWidth="31" frameHeight="32"/>
	<SubTexture name="strum hit right2" x="29" y="29" width="30" height="29" frameX="-1" frameY="-2" frameWidth="31" frameHeight="32"/>
	<SubTexture name="strum hit right3" x="86" y="0" width="27" height="27" frameX="-2" frameY="-3" frameWidth="31" frameHeight="32"/>
	<SubTexture name="strum hit right4" x="80" y="54" width="21" height="21" frameX="-5" frameY="-6" frameWidth="31" frameHeight="32"/>
	<SubTexture name="strum hit up1" x="0" y="30" width="29" height="30" frameX="-1" frameY="-1" frameWidth="31" frameHeight="32"/>
	<SubTexture name="strum hit up2" x="0" y="30" width="29" height="30" frameX="-1" frameY="-1" frameWidth="31" frameHeight="32"/>
	<SubTexture name="strum hit up3" x="86" y="27" width="27" height="27" frameX="-2" frameY="-3" frameWidth="31" frameHeight="32"/>
	<SubTexture name="strum hit up4" x="101" y="54" width="21" height="21" frameX="-5" frameY="-6" frameWidth="31" frameHeight="32"/>
	<SubTexture name="strum idle down1" x="0" y="60" width="19" height="19" frameX="-6" frameY="-7" frameWidth="31" frameHeight="32"/>
	<SubTexture name="strum idle left1" x="19" y="60" width="19" height="19" frameX="-6" frameY="-7" frameWidth="31" frameHeight="32"/>
	<SubTexture name="strum idle right1" x="113" y="0" width="19" height="19" frameX="-6" frameY="-7" frameWidth="31" frameHeight="32"/>
	<SubTexture name="strum idle up1" x="113" y="19" width="19" height="19" frameX="-6" frameY="-7" frameWidth="31" frameHeight="32"/>
	<SubTexture name="strum press down1" x="141" y="38" width="17" height="17" frameX="-7" frameY="-8" frameWidth="31" frameHeight="32"/>
	<SubTexture name="strum press down2" x="141" y="38" width="17" height="17" frameX="-7" frameY="-8" frameWidth="31" frameHeight="32"/>
	<SubTexture name="strum press down3" x="122" y="38" width="19" height="19" frameX="-6" frameY="-7" frameWidth="31" frameHeight="32"/>
	<SubTexture name="strum press down4" x="122" y="38" width="19" height="19" frameX="-6" frameY="-7" frameWidth="31" frameHeight="32"/>
	<SubTexture name="strum press left1" x="141" y="55" width="17" height="17" frameX="-7" frameY="-8" frameWidth="31" frameHeight="32"/>
	<SubTexture name="strum press left2" x="141" y="55" width="17" height="17" frameX="-7" frameY="-8" frameWidth="31" frameHeight="32"/>
	<SubTexture name="strum press left3" x="122" y="57" width="19" height="19" frameX="-6" frameY="-7" frameWidth="31" frameHeight="32"/>
	<SubTexture name="strum press left4" x="122" y="57" width="19" height="19" frameX="-6" frameY="-7" frameWidth="31" frameHeight="32"/>
	<SubTexture name="strum press right1" x="151" y="0" width="17" height="17" frameX="-7" frameY="-8" frameWidth="31" frameHeight="32"/>
	<SubTexture name="strum press right2" x="151" y="0" width="17" height="17" frameX="-7" frameY="-8" frameWidth="31" frameHeight="32"/>
	<SubTexture name="strum press right3" x="132" y="0" width="19" height="19" frameX="-6" frameY="-7" frameWidth="31" frameHeight="32"/>
	<SubTexture name="strum press right4" x="132" y="0" width="19" height="19" frameX="-6" frameY="-7" frameWidth="31" frameHeight="32"/>
	<SubTexture name="strum press up1" x="151" y="17" width="17" height="17" frameX="-7" frameY="-8" frameWidth="31" frameHeight="32"/>
	<SubTexture name="strum press up2" x="151" y="17" width="17" height="17" frameX="-7" frameY="-8" frameWidth="31" frameHeight="32"/>
	<SubTexture name="strum press up3" x="132" y="19" width="19" height="19" frameX="-6" frameY="-7" frameWidth="31" frameHeight="32"/>
	<SubTexture name="strum press up4" x="132" y="19" width="19" height="19" frameX="-6" frameY="-7" frameWidth="31" frameHeight="32"/>
</TextureAtlas>