<?xml version="1.0" encoding="UTF-8"?>
<!--
Created with Funkin Packer v0.1.3 https://neeeoo.github.io/funkin-packer/
-->
<TextureAtlas imagePath="abot.png" width="265" height="34">
	<SubTexture name="abot bop1" x="0" y="0" width="90" height="34" frameX="-0" frameY="-3" frameWidth="90" frameHeight="40"/>
	<SubTexture name="abot bop10" x="178" y="0" width="87" height="34" frameX="-2" frameY="-3" frameWidth="90" frameHeight="40"/>
	<SubTexture name="abot bop2" x="0" y="0" width="90" height="34" frameX="-0" frameY="-3" frameWidth="90" frameHeight="40"/>
	<SubTexture name="abot bop3" x="0" y="0" width="90" height="34" frameX="-0" frameY="-3" frameWidth="90" frameHeight="40"/>
	<SubTexture name="abot bop4" x="0" y="0" width="90" height="34" frameX="-0" frameY="-3" frameWidth="90" frameHeight="40"/>
	<SubTexture name="abot bop5" x="90" y="0" width="88" height="34" frameX="-1" frameY="-3" frameWidth="90" frameHeight="40"/>
	<SubTexture name="abot bop6" x="90" y="0" width="88" height="34" frameX="-1" frameY="-3" frameWidth="90" frameHeight="40"/>
	<SubTexture name="abot bop7" x="178" y="0" width="87" height="34" frameX="-2" frameY="-3" frameWidth="90" frameHeight="40"/>
	<SubTexture name="abot bop8" x="178" y="0" width="87" height="34" frameX="-2" frameY="-3" frameWidth="90" frameHeight="40"/>
	<SubTexture name="abot bop9" x="178" y="0" width="87" height="34" frameX="-2" frameY="-3" frameWidth="90" frameHeight="40"/>
</TextureAtlas>