<?xml version="1.0" encoding="UTF-8"?>
<!--
Created with Funkin Packer v0.1.3 https://neeeoo.github.io/funkin-packer/
-->
<TextureAtlas imagePath="red-impostor.png" width="168" height="30">
	<SubTexture name="blocked1" x="39" y="0" width="33" height="28" frameX="-6" frameY="-10" frameWidth="48" frameHeight="48"/>
	<SubTexture name="confirm1" x="0" y="0" width="39" height="24" frameX="-3" frameY="-16" frameWidth="48" frameHeight="48"/>
	<SubTexture name="confirm2" x="105" y="0" width="33" height="29" rotated="true" frameX="-7" frameY="-5" frameWidth="48" frameHeight="48"/>
	<SubTexture name="confirm3" x="138" y="0" width="30" height="30" frameX="-6" frameY="-7" frameWidth="48" frameHeight="48"/>
	<SubTexture name="confirm4" x="138" y="0" width="30" height="30" frameX="-6" frameY="-7" frameWidth="48" frameHeight="48"/>
	<SubTexture name="confirm5" x="138" y="0" width="30" height="30" frameX="-6" frameY="-7" frameWidth="48" frameHeight="48"/>
	<SubTexture name="confirm6" x="138" y="0" width="30" height="30" frameX="-6" frameY="-7" frameWidth="48" frameHeight="48"/>
	<SubTexture name="idle1" x="72" y="0" width="33" height="28" frameX="-6" frameY="-10" frameWidth="48" frameHeight="48"/>
	<SubTexture name="idle2" x="72" y="0" width="33" height="28" frameX="-6" frameY="-10" frameWidth="48" frameHeight="48"/>
	<SubTexture name="idle3" x="72" y="0" width="33" height="28" frameX="-6" frameY="-10" frameWidth="48" frameHeight="48"/>
	<SubTexture name="idle4" x="72" y="0" width="33" height="28" frameX="-6" frameY="-10" frameWidth="48" frameHeight="48"/>
</TextureAtlas>