<?xml version="1.0" encoding="UTF-8"?>
<!--
Created with Funkin Packer v0.1.3 https://neeeoo.github.io/funkin-packer/
-->
<TextureAtlas imagePath="strums.png" width="172" height="76">
	<SubTexture name="strum down hit1" x="0" y="0" width="29" height="30" frameX="-1" frameY="-1" frameWidth="31" frameHeight="31"/>
	<SubTexture name="strum down hit2" x="0" y="0" width="29" height="30" frameX="-1" frameY="-1" frameWidth="31" frameHeight="31"/>
	<SubTexture name="strum down hit3" x="59" y="0" width="27" height="27" frameX="-2" frameY="-2" frameWidth="31" frameHeight="31"/>
	<SubTexture name="strum down hit4" x="59" y="54" width="21" height="21" frameX="-5" frameY="-5" frameWidth="31" frameHeight="31"/>
	<SubTexture name="strum down idle1" x="113" y="21" width="19" height="19" frameX="-0" frameY="-0" frameWidth="19" frameHeight="19"/>
	<SubTexture name="strum down press1" x="0" y="59" width="17" height="17" frameX="-1" frameY="-1" frameWidth="19" frameHeight="19"/>
	<SubTexture name="strum down press2" x="122" y="40" width="19" height="19" frameX="-0" frameY="-0" frameWidth="19" frameHeight="19"/>
	<SubTexture name="strum left hit1" x="0" y="30" width="30" height="29" frameX="-0" frameY="-1" frameWidth="31" frameHeight="31"/>
	<SubTexture name="strum left hit2" x="0" y="30" width="30" height="29" frameX="-0" frameY="-1" frameWidth="31" frameHeight="31"/>
	<SubTexture name="strum left hit3" x="59" y="27" width="27" height="27" frameX="-2" frameY="-2" frameWidth="31" frameHeight="31"/>
	<SubTexture name="strum left hit4" x="80" y="54" width="21" height="21" frameX="-5" frameY="-5" frameWidth="31" frameHeight="31"/>
	<SubTexture name="strum left idle1" x="132" y="21" width="19" height="19" frameX="-0" frameY="-0" frameWidth="19" frameHeight="19"/>
	<SubTexture name="strum left press1" x="122" y="59" width="17" height="17" frameX="-1" frameY="-1" frameWidth="19" frameHeight="19"/>
	<SubTexture name="strum left press2" x="134" y="0" width="19" height="19" frameX="-0" frameY="-0" frameWidth="19" frameHeight="19"/>
	<SubTexture name="strum right hit1" x="29" y="0" width="30" height="29" frameX="-1" frameY="-1" frameWidth="31" frameHeight="31"/>
	<SubTexture name="strum right hit2" x="29" y="0" width="30" height="29" frameX="-1" frameY="-1" frameWidth="31" frameHeight="31"/>
	<SubTexture name="strum right hit3" x="86" y="0" width="27" height="27" frameX="-2" frameY="-2" frameWidth="31" frameHeight="31"/>
	<SubTexture name="strum right hit4" x="101" y="54" width="21" height="21" frameX="-5" frameY="-5" frameWidth="31" frameHeight="31"/>
	<SubTexture name="strum right idle1" x="153" y="0" width="19" height="19" frameX="-0" frameY="-0" frameWidth="19" frameHeight="19"/>
	<SubTexture name="strum right press1" x="17" y="59" width="17" height="17" frameX="-1" frameY="-1" frameWidth="19" frameHeight="19"/>
	<SubTexture name="strum right press2" x="151" y="19" width="19" height="19" frameX="-0" frameY="-0" frameWidth="19" frameHeight="19"/>
	<SubTexture name="strum up hit1" x="30" y="29" width="29" height="30" frameX="-1" frameY="-0" frameWidth="31" frameHeight="31"/>
	<SubTexture name="strum up hit2" x="30" y="29" width="29" height="30" frameX="-1" frameY="-0" frameWidth="31" frameHeight="31"/>
	<SubTexture name="strum up hit3" x="86" y="27" width="27" height="27" frameX="-2" frameY="-2" frameWidth="31" frameHeight="31"/>
	<SubTexture name="strum up hit4" x="113" y="0" width="21" height="21" frameX="-5" frameY="-5" frameWidth="31" frameHeight="31"/>
	<SubTexture name="strum up idle1" x="151" y="38" width="19" height="19" frameX="-0" frameY="-0" frameWidth="19" frameHeight="19"/>
	<SubTexture name="strum up press1" x="34" y="59" width="17" height="17" frameX="-1" frameY="-1" frameWidth="19" frameHeight="19"/>
	<SubTexture name="strum up press2" x="141" y="57" width="19" height="19" frameX="-0" frameY="-0" frameWidth="19" frameHeight="19"/>
</TextureAtlas>