<?xml version="1.0" encoding="UTF-8"?>
<!--
Created with Funkin Packer v0.1.3 https://neeeoo.github.io/funkin-packer/
-->
<TextureAtlas imagePath="red-impostor-pixel.png" width="318" height="200">
	<SubTexture name="red down miss1" x="122" y="0" width="41" height="63" rotated="true" frameX="-0" frameY="-0" frameWidth="63" frameHeight="41"/>
	<SubTexture name="red down note1" x="130" y="63" width="41" height="63" rotated="true" frameX="-0" frameY="-1" frameWidth="63" frameHeight="42"/>
	<SubTexture name="red down note2" x="163" y="0" width="42" height="63" rotated="true" frameX="-0" frameY="-0" frameWidth="63" frameHeight="42"/>
	<SubTexture name="red down note3" x="147" y="126" width="42" height="63" rotated="true" frameX="-0" frameY="-0" frameWidth="63" frameHeight="42"/>
	<SubTexture name="red down note4" x="147" y="126" width="42" height="63" rotated="true" frameX="-0" frameY="-0" frameWidth="63" frameHeight="42"/>
	<SubTexture name="red down note5" x="147" y="126" width="42" height="63" rotated="true" frameX="-0" frameY="-0" frameWidth="63" frameHeight="42"/>
	<SubTexture name="red idle1" x="171" y="63" width="43" height="63" rotated="true" frameX="-0" frameY="-1" frameWidth="63" frameHeight="45"/>
	<SubTexture name="red idle2" x="205" y="0" width="43" height="61" rotated="true" frameX="-1" frameY="-2" frameWidth="63" frameHeight="45"/>
	<SubTexture name="red idle3" x="189" y="126" width="44" height="61" rotated="true" frameX="-1" frameY="-0" frameWidth="63" frameHeight="45"/>
	<SubTexture name="red idle4" x="214" y="61" width="44" height="61" rotated="true" frameX="-1" frameY="-0" frameWidth="63" frameHeight="45"/>
	<SubTexture name="red idle5" x="214" y="61" width="44" height="61" rotated="true" frameX="-1" frameY="-0" frameWidth="63" frameHeight="45"/>
	<SubTexture name="red idle6" x="214" y="61" width="44" height="61" rotated="true" frameX="-1" frameY="-0" frameWidth="63" frameHeight="45"/>
	<SubTexture name="red idle7" x="214" y="61" width="44" height="61" rotated="true" frameX="-1" frameY="-0" frameWidth="63" frameHeight="45"/>
	<SubTexture name="red left miss1" x="36" y="0" width="36" height="78" rotated="true" frameX="-0" frameY="-0" frameWidth="78" frameHeight="36"/>
	<SubTexture name="red left note1" x="0" y="162" width="79" height="36" frameX="-1" frameY="-0" frameWidth="81" frameHeight="36"/>
	<SubTexture name="red left note2" x="0" y="0" width="36" height="81" rotated="true" frameX="-0" frameY="-0" frameWidth="81" frameHeight="36"/>
	<SubTexture name="red left note3" x="0" y="81" width="36" height="81" rotated="true" frameX="-0" frameY="-0" frameWidth="81" frameHeight="36"/>
	<SubTexture name="red left note4" x="0" y="81" width="36" height="81" rotated="true" frameX="-0" frameY="-0" frameWidth="81" frameHeight="36"/>
	<SubTexture name="red left note5" x="0" y="81" width="36" height="81" rotated="true" frameX="-0" frameY="-0" frameWidth="81" frameHeight="36"/>
	<SubTexture name="red right miss1" x="36" y="78" width="44" height="71" rotated="true" frameX="-0" frameY="-0" frameWidth="71" frameHeight="44"/>
	<SubTexture name="red right note1" x="79" y="149" width="68" height="51" frameX="-1" frameY="-0" frameWidth="69" frameHeight="51"/>
	<SubTexture name="red right note2" x="72" y="0" width="50" height="68" rotated="true" frameX="-0" frameY="-1" frameWidth="69" frameHeight="51"/>
	<SubTexture name="red right note3" x="80" y="68" width="50" height="68" rotated="true" frameX="-0" frameY="-1" frameWidth="69" frameHeight="51"/>
	<SubTexture name="red right note4" x="80" y="68" width="50" height="68" rotated="true" frameX="-0" frameY="-1" frameWidth="69" frameHeight="51"/>
	<SubTexture name="red right note5" x="80" y="68" width="50" height="68" rotated="true" frameX="-0" frameY="-1" frameWidth="69" frameHeight="51"/>
	<SubTexture name="red up miss1" x="248" y="0" width="56" height="61" rotated="true" frameX="-0" frameY="-0" frameWidth="61" frameHeight="56"/>
	<SubTexture name="red up note1" x="258" y="61" width="60" height="60" frameX="-0" frameY="-0" frameWidth="61" frameHeight="60"/>
	<SubTexture name="red up note2" x="233" y="122" width="58" height="61" rotated="true" frameX="-0" frameY="-1" frameWidth="61" frameHeight="60"/>
	<SubTexture name="red up note3" x="233" y="122" width="58" height="61" rotated="true" frameX="-0" frameY="-1" frameWidth="61" frameHeight="60"/>
	<SubTexture name="red up note4" x="233" y="122" width="58" height="61" rotated="true" frameX="-0" frameY="-1" frameWidth="61" frameHeight="60"/>
	<SubTexture name="red up note5" x="233" y="122" width="58" height="61" rotated="true" frameX="-0" frameY="-1" frameWidth="61" frameHeight="60"/>
</TextureAtlas>