<?xml version="1.0" encoding="UTF-8"?>
<!--
Created with Funkin Packer v0.1.3 https://neeeoo.github.io/funkin-packer/
-->
<TextureAtlas imagePath="checkbox.png" width="200" height="61">
	<SubTexture name="idle false1" x="29" y="0" width="17" height="17" frameX="-5" frameY="-13" frameWidth="29" frameHeight="32"/>
	<SubTexture name="idle true1" x="147" y="17" width="22" height="21" rotated="true" frameX="-3" frameY="-8" frameWidth="29" frameHeight="32"/>
	<SubTexture name="transition false1" x="46" y="0" width="29" height="17" frameX="-0" frameY="-13" frameWidth="29" frameHeight="32"/>
	<SubTexture name="transition false10" x="18" y="17" width="27" height="19" rotated="true" frameX="-3" frameY="-3" frameWidth="29" frameHeight="32"/>
	<SubTexture name="transition false11" x="75" y="0" width="25" height="17" rotated="true" frameX="-5" frameY="-5" frameWidth="29" frameHeight="32"/>
	<SubTexture name="transition false12" x="100" y="0" width="22" height="17" rotated="true" frameX="-5" frameY="-8" frameWidth="29" frameHeight="32"/>
	<SubTexture name="transition false13" x="122" y="0" width="17" height="17" frameX="-5" frameY="-13" frameWidth="29" frameHeight="32"/>
	<SubTexture name="transition false14" x="139" y="0" width="17" height="17" frameX="-5" frameY="-13" frameWidth="29" frameHeight="32"/>
	<SubTexture name="transition false15" x="156" y="0" width="17" height="17" frameX="-5" frameY="-13" frameWidth="29" frameHeight="32"/>
	<SubTexture name="transition false16" x="29" y="0" width="17" height="17" frameX="-5" frameY="-13" frameWidth="29" frameHeight="32"/>
	<SubTexture name="transition false17" x="29" y="0" width="17" height="17" frameX="-5" frameY="-13" frameWidth="29" frameHeight="32"/>
	<SubTexture name="transition false18" x="29" y="0" width="17" height="17" frameX="-5" frameY="-13" frameWidth="29" frameHeight="32"/>
	<SubTexture name="transition false19" x="29" y="0" width="17" height="17" frameX="-5" frameY="-13" frameWidth="29" frameHeight="32"/>
	<SubTexture name="transition false2" x="46" y="0" width="29" height="17" frameX="-0" frameY="-13" frameWidth="29" frameHeight="32"/>
	<SubTexture name="transition false3" x="150" y="38" width="24" height="23" rotated="true" frameX="-2" frameY="-6" frameWidth="29" frameHeight="32"/>
	<SubTexture name="transition false4" x="174" y="38" width="26" height="23" rotated="true" frameX="-2" frameY="-4" frameWidth="29" frameHeight="32"/>
	<SubTexture name="transition false5" x="169" y="17" width="29" height="21" rotated="true" frameX="-3" frameY="-1" frameWidth="29" frameHeight="32"/>
	<SubTexture name="transition false6" x="0" y="36" width="30" height="21" rotated="true" frameX="-3" frameY="-0" frameWidth="29" frameHeight="32"/>
	<SubTexture name="transition false7" x="0" y="36" width="30" height="21" rotated="true" frameX="-3" frameY="-0" frameWidth="29" frameHeight="32"/>
	<SubTexture name="transition false8" x="45" y="17" width="30" height="19" rotated="true" frameX="-4" frameY="-0" frameWidth="29" frameHeight="32"/>
	<SubTexture name="transition false9" x="45" y="17" width="30" height="19" rotated="true" frameX="-4" frameY="-0" frameWidth="29" frameHeight="32"/>
	<SubTexture name="transition true1" x="173" y="0" width="17" height="17" frameX="-5" frameY="-13" frameWidth="29" frameHeight="32"/>
	<SubTexture name="transition true10" x="0" y="0" width="29" height="16" frameX="-0" frameY="-16" frameWidth="29" frameHeight="32"/>
	<SubTexture name="transition true11" x="0" y="0" width="29" height="16" frameX="-0" frameY="-16" frameWidth="29" frameHeight="32"/>
	<SubTexture name="transition true12" x="75" y="17" width="26" height="19" rotated="true" frameX="-3" frameY="-4" frameWidth="29" frameHeight="32"/>
	<SubTexture name="transition true13" x="75" y="17" width="26" height="19" rotated="true" frameX="-3" frameY="-4" frameWidth="29" frameHeight="32"/>
	<SubTexture name="transition true14" x="30" y="36" width="25" height="21" rotated="true" frameX="-3" frameY="-5" frameWidth="29" frameHeight="32"/>
	<SubTexture name="transition true15" x="30" y="36" width="25" height="21" rotated="true" frameX="-3" frameY="-5" frameWidth="29" frameHeight="32"/>
	<SubTexture name="transition true16" x="55" y="36" width="24" height="21" rotated="true" frameX="-3" frameY="-6" frameWidth="29" frameHeight="32"/>
	<SubTexture name="transition true17" x="55" y="36" width="24" height="21" rotated="true" frameX="-3" frameY="-6" frameWidth="29" frameHeight="32"/>
	<SubTexture name="transition true18" x="147" y="17" width="22" height="21" rotated="true" frameX="-3" frameY="-8" frameWidth="29" frameHeight="32"/>
	<SubTexture name="transition true19" x="147" y="17" width="22" height="21" rotated="true" frameX="-3" frameY="-8" frameWidth="29" frameHeight="32"/>
	<SubTexture name="transition true2" x="0" y="16" width="18" height="17" rotated="true" frameX="-5" frameY="-12" frameWidth="29" frameHeight="32"/>
	<SubTexture name="transition true20" x="147" y="17" width="22" height="21" rotated="true" frameX="-3" frameY="-8" frameWidth="29" frameHeight="32"/>
	<SubTexture name="transition true21" x="147" y="17" width="22" height="21" rotated="true" frameX="-3" frameY="-8" frameWidth="29" frameHeight="32"/>
	<SubTexture name="transition true22" x="147" y="17" width="22" height="21" rotated="true" frameX="-3" frameY="-8" frameWidth="29" frameHeight="32"/>
	<SubTexture name="transition true3" x="101" y="17" width="21" height="19" rotated="true" frameX="-3" frameY="-9" frameWidth="29" frameHeight="32"/>
	<SubTexture name="transition true4" x="122" y="17" width="25" height="20" rotated="true" frameX="-3" frameY="-5" frameWidth="29" frameHeight="32"/>
	<SubTexture name="transition true5" x="122" y="17" width="25" height="20" rotated="true" frameX="-3" frameY="-5" frameWidth="29" frameHeight="32"/>
	<SubTexture name="transition true6" x="79" y="36" width="25" height="21" rotated="true" frameX="-3" frameY="-5" frameWidth="29" frameHeight="32"/>
	<SubTexture name="transition true7" x="79" y="36" width="25" height="21" rotated="true" frameX="-3" frameY="-5" frameWidth="29" frameHeight="32"/>
	<SubTexture name="transition true8" x="104" y="37" width="24" height="21" rotated="true" frameX="-3" frameY="-6" frameWidth="29" frameHeight="32"/>
	<SubTexture name="transition true9" x="128" y="38" width="22" height="21" rotated="true" frameX="-3" frameY="-8" frameWidth="29" frameHeight="32"/>
</TextureAtlas>