<?xml version="1.0" encoding="UTF-8"?>
<!--
Created with Funkin Packer v0.1.3 https://neeeoo.github.io/funkin-packer/
-->
<TextureAtlas imagePath="sustains.png" width="72" height="7">
	<SubTexture name="sustain end blue1" x="40" y="0" width="8" height="7" rotated="true" frameX="-0" frameY="-0" frameWidth="7" frameHeight="8"/>
	<SubTexture name="sustain end green1" x="48" y="0" width="8" height="7" rotated="true" frameX="-0" frameY="-0" frameWidth="7" frameHeight="8"/>
	<SubTexture name="sustain end purple1" x="56" y="0" width="8" height="7" rotated="true" frameX="-0" frameY="-0" frameWidth="7" frameHeight="8"/>
	<SubTexture name="sustain end red1" x="64" y="0" width="8" height="7" rotated="true" frameX="-0" frameY="-0" frameWidth="7" frameHeight="8"/>
	<SubTexture name="sustain hold blue1" x="0" y="0" width="10" height="7" rotated="true" frameX="-0" frameY="-0" frameWidth="7" frameHeight="10"/>
	<SubTexture name="sustain hold green1" x="10" y="0" width="10" height="7" rotated="true" frameX="-0" frameY="-0" frameWidth="7" frameHeight="10"/>
	<SubTexture name="sustain hold purple1" x="20" y="0" width="10" height="7" rotated="true" frameX="-0" frameY="-0" frameWidth="7" frameHeight="10"/>
	<SubTexture name="sustain hold red1" x="30" y="0" width="10" height="7" rotated="true" frameX="-0" frameY="-0" frameWidth="7" frameHeight="10"/>
</TextureAtlas>