<?xml version="1.0" encoding="UTF-8"?>
<!--
Created with Funkin Packer v0.1.3 https://neeeoo.github.io/funkin-packer/
-->
<TextureAtlas imagePath="bf.png" width="260" height="197">
	<SubTexture name="bf goodIntro1" x="123" y="110" width="34" height="39" frameX="-19" frameY="-73" frameWidth="80" frameHeight="120"/>
	<SubTexture name="bf goodIntro10" x="0" y="138" width="32" height="44" frameX="-21" frameY="-68" frameWidth="80" frameHeight="120"/>
	<SubTexture name="bf goodIntro11" x="80" y="147" width="32" height="44" frameX="-21" frameY="-68" frameWidth="80" frameHeight="120"/>
	<SubTexture name="bf goodIntro2" x="223" y="37" width="34" height="38" frameX="-19" frameY="-74" frameWidth="80" frameHeight="120"/>
	<SubTexture name="bf goodIntro3" x="130" y="34" width="29" height="38" frameX="-22" frameY="-74" frameWidth="80" frameHeight="120"/>
	<SubTexture name="bf goodIntro4" x="159" y="0" width="33" height="36" frameX="-22" frameY="-76" frameWidth="80" frameHeight="120"/>
	<SubTexture name="bf goodIntro5" x="57" y="0" width="33" height="34" frameX="-21" frameY="-78" frameWidth="80" frameHeight="120"/>
	<SubTexture name="bf goodIntro6" x="90" y="0" width="33" height="34" frameX="-21" frameY="-78" frameWidth="80" frameHeight="120"/>
	<SubTexture name="bf goodIntro7" x="57" y="0" width="33" height="34" frameX="-21" frameY="-78" frameWidth="80" frameHeight="120"/>
	<SubTexture name="bf goodIntro8" x="90" y="0" width="33" height="34" frameX="-21" frameY="-78" frameWidth="80" frameHeight="120"/>
	<SubTexture name="bf goodIntro9" x="112" y="149" width="32" height="45" frameX="-21" frameY="-67" frameWidth="80" frameHeight="120"/>
	<SubTexture name="bf intro1" x="144" y="151" width="48" height="46" frameX="-15" frameY="-0" frameWidth="80" frameHeight="120"/>
	<SubTexture name="bf intro10" x="33" y="71" width="34" height="38" frameX="-19" frameY="-74" frameWidth="80" frameHeight="120"/>
	<SubTexture name="bf intro2" x="144" y="151" width="48" height="46" frameX="-15" frameY="-28" frameWidth="80" frameHeight="120"/>
	<SubTexture name="bf intro3" x="144" y="151" width="48" height="46" frameX="-15" frameY="-61" frameWidth="80" frameHeight="120"/>
	<SubTexture name="bf intro4" x="0" y="0" width="57" height="25" frameX="-11" frameY="-87" frameWidth="80" frameHeight="120"/>
	<SubTexture name="bf intro5" x="123" y="0" width="36" height="34" frameX="-20" frameY="-79" frameWidth="80" frameHeight="120"/>
	<SubTexture name="bf intro6" x="222" y="113" width="32" height="40" frameX="-22" frameY="-76" frameWidth="80" frameHeight="120"/>
	<SubTexture name="bf intro7" x="157" y="111" width="34" height="39" frameX="-22" frameY="-74" frameWidth="80" frameHeight="120"/>
	<SubTexture name="bf intro8" x="0" y="62" width="33" height="38" frameX="-22" frameY="-74" frameWidth="80" frameHeight="120"/>
	<SubTexture name="bf intro9" x="67" y="71" width="31" height="38" frameX="-20" frameY="-74" frameWidth="80" frameHeight="120"/>
	<SubTexture name="bf okIntro1" x="158" y="73" width="33" height="38" frameX="-20" frameY="-74" frameWidth="80" frameHeight="120"/>
	<SubTexture name="bf okIntro2" x="98" y="71" width="31" height="38" frameX="-22" frameY="-74" frameWidth="80" frameHeight="120"/>
	<SubTexture name="bf okIntro3" x="191" y="112" width="31" height="39" frameX="-22" frameY="-74" frameWidth="80" frameHeight="120"/>
	<SubTexture name="bf okIntro4" x="129" y="72" width="29" height="38" frameX="-22" frameY="-74" frameWidth="80" frameHeight="120"/>
	<SubTexture name="bf okIntro5" x="223" y="75" width="37" height="38" frameX="-18" frameY="-74" frameWidth="80" frameHeight="120"/>
	<SubTexture name="bf okIntro6" x="33" y="109" width="42" height="38" frameX="-16" frameY="-74" frameWidth="80" frameHeight="120"/>
	<SubTexture name="bf okIntro7" x="75" y="109" width="48" height="38" frameX="-14" frameY="-74" frameWidth="80" frameHeight="120"/>
	<SubTexture name="bf okIntro8" x="32" y="147" width="48" height="38" frameX="-14" frameY="-74" frameWidth="80" frameHeight="120"/>
	<SubTexture name="bf shitIntro1" x="191" y="74" width="32" height="38" frameX="-22" frameY="-74" frameWidth="80" frameHeight="120"/>
	<SubTexture name="bf shitIntro2" x="0" y="100" width="33" height="38" frameX="-22" frameY="-74" frameWidth="80" frameHeight="120"/>
	<SubTexture name="bf shitIntro3" x="192" y="0" width="33" height="37" frameX="-23" frameY="-75" frameWidth="80" frameHeight="120"/>
	<SubTexture name="bf shitIntro4" x="225" y="0" width="33" height="37" frameX="-23" frameY="-75" frameWidth="80" frameHeight="120"/>
	<SubTexture name="bf shitIntro5" x="0" y="25" width="33" height="37" frameX="-23" frameY="-75" frameWidth="80" frameHeight="120"/>
	<SubTexture name="bf shitIntro6" x="33" y="34" width="33" height="37" frameX="-23" frameY="-75" frameWidth="80" frameHeight="120"/>
	<SubTexture name="bf shitIntro7" x="192" y="0" width="33" height="37" frameX="-23" frameY="-75" frameWidth="80" frameHeight="120"/>
	<SubTexture name="bf shitIntro8" x="66" y="34" width="32" height="37" frameX="-23" frameY="-77" frameWidth="80" frameHeight="120"/>
	<SubTexture name="bf shitIntro9" x="98" y="34" width="32" height="37" frameX="-23" frameY="-77" frameWidth="80" frameHeight="120"/>
	<SubTexture name="bf shitLoop1" x="159" y="36" width="32" height="37" frameX="-23" frameY="-77" frameWidth="80" frameHeight="120"/>
	<SubTexture name="bf shitLoop2" x="191" y="37" width="32" height="37" frameX="-23" frameY="-77" frameWidth="80" frameHeight="120"/>
</TextureAtlas>